formula	pmid	canonical_publication_date	year	title	journal	doi	publication_types	proxy_eligibility	proxy_eligibility_reasons	auto_triage	auto_triage_reasons	dictionary_gene_mentions	machine_gene_grade_suggestions	gene_evidence_contexts	reviewer_1_include	reviewer_1_genes_and_grades	reviewer_1_assay_model_direction	reviewer_2_include	reviewer_2_genes_and_grades	reviewer_2_assay_model_direction	consensus_include	consensus_genes_and_grades	exclusion_reason	notes
四君子汤	36636604	2023-01-03	2023	Integrated Network Pharmacology and Gut Microbiota Analysis to Explore the Mechanism of Sijunzi Decoction Involved in Alleviating Airway Inflammation in a Mouse Model of Asthma.	Evidence-based complementary and alternative medicine : eCAM	10.1155/2023/1130893	Journal Article	eligible	exact_title_alias:Sijunzi Decoction	candidate_experimental	biological_model | computational_component	TLR2 | TLR7	TLR2:U | TLR7:U	TLR2: The analysis of the correlation between environmental factors and intestinal flora revealed that beneficial bacterial genera were negatively correlated with TLR2 and positively correlated with the TLR7 expression. The findings suggest that increasing the relevant abundance of beneficial intestinal bacteria in mice with asthma, regulating intestinal flora, interfering with the level of TLR2 and TLR7 expression to adjust the secretion of inflammatory factors, and alleviating asthmatic airway inflammation may be the possible mechanism involved in the treatment of asthma by SJZD, providing a basis || TLR7: The analysis of the correlation between environmental factors and intestinal flora revealed that beneficial bacterial genera were negatively correlated with TLR2 and positively correlated with the TLR7 expression. The findings suggest that increasing the relevant abundance of beneficial intestinal bacteria in mice with asthma, regulating intestinal flora, interfering with the level of TLR2 and TLR7 expression to adjust the secretion of inflammatory factors, and alleviating asthmatic airway inflammation may be the possible mechanism involved in the treatment of asthma by SJZD, providing a basis										
四君子汤	36649851	2023-01-14	2023	A mechanism of Sijunzi decoction on improving intestinal injury with spleen deficiency syndrome and the rationality of its compatibility.	Journal of ethnopharmacology	10.1016/j.jep.2022.116088	Journal Article	eligible	exact_title_alias:Sijunzi Decoction	candidate_experimental	biological_model | computational_component													
四君子汤	36807552	2023-03-03	2023	Multiple approaches to characterize and visualize the chemical composition of Sijunzi Decoction comprehensively.	Journal of separation science	10.1002/jssc.202200737	Journal Article	eligible	exact_title_alias:Sijunzi Decoction	manual_review	no_abstract_assay_signal													
四君子汤	36872360	2023	2023	Integration of LC-LTQ-Orbitrap-MS and Network Pharmacology to Analyze the Active Components of Sijunzi Decoction and their Mechanism of Action Against Cytotoxicity-associated Premature Ovarian Insufficiency.	Combinatorial chemistry & high throughput screening	10.2174/1386207326666230303094247	Journal Article | Research Support, Non-U.S. Gov't	eligible	exact_title_alias:Sijunzi Decoction	manual_review	computational_only_possible	EGFR	EGFR:U	EGFR: Therefore, phosphatidylinositol 3-kinase (PI3K)/AKT, mitogen-activated protein kinase (MAPK), and epidermal growth factor receptor (EGFR) pathways might be closely associated with the pharmacological effects of SJZD on the pathological processes of POI.										
四君子汤	36883990	2023-03-08	2023	Ginseng-Containing Sijunzi Decoction Ameliorates Ulcerative Colitis by Orchestrating Gut Homeostasis in Microbial Modulation and Intestinal Barrier Integrity.	The American journal of Chinese medicine	10.1142/S0192415X23500325	Journal Article	exclude	title_prefixed_formula_variant | alias:Sijunzi Decoction	manual_review	no_abstract_assay_signal	MUC2	MUC2:U	MUC2: SJZD significantly alleviated the colonic tissue damage and improved the goblet cell count, MUC2 secretion, and tight junction protein expressions, which indicated enhanced intestinal barrier integrity.										
四君子汤	37005850	2023-03	2023	[Mechanism of Sijunzi Decoction in treatment of Alzheimer's disease based on UPLC-Q-TOF-MS, network pharmacology, and experimental verification].	Zhongguo Zhong yao za zhi = Zhongguo zhongyao zazhi = China journal of Chinese materia medica	10.19540/j.cnki.cjcmm.20221209.401	English Abstract | Journal Article	eligible	exact_title_alias:Sijunzi Decoction	candidate_experimental	biological_model | computational_component	ESR1 | HSP90AA1 | PPARA	ESR1:U | HSP90AA1:U | PPARA:U	ESR1: HSP90AA1, PPARA, SRC, AR, and ESR1 were the main targets for Sijunzi Decoction to treat Alzheimer's disease. || HSP90AA1: HSP90AA1, PPARA, SRC, AR, and ESR1 were the main targets for Sijunzi Decoction to treat Alzheimer's disease. || PPARA: HSP90AA1, PPARA, SRC, AR, and ESR1 were the main targets for Sijunzi Decoction to treat Alzheimer's disease.										
四君子汤	37033783	2023-04-01	2023	Exploring the Potential Molecular Mechanism of Sijunzi Decoction in the Treatment of Non-Segmental Vitiligo Based on Network Pharmacology and Molecular Docking.	Clinical, cosmetic and investigational dermatology	10.2147/CCID.S403732	Journal Article	eligible	exact_title_alias:Sijunzi Decoction	candidate_experimental	biological_model | computational_component	AKT1 | CASP3 | PPARG | SIRT1 | TNF | TP53	AKT1:U | CASP3:U | PPARG:U | SIRT1:U | TNF:U | TP53:U	AKT1: A total of 6 hub target genes (AKT1, CASP3, PPARG, SIRT1, TNF and TP53) were identified using the Cytoscape-cytoHubba plugin. We also found that Type 2 T helper cells, CD56bright natural killer cell and CD56dim natural killer cell infiltration levels were abnormal in non-segmental vitiligo and correlated with AKT1. || CASP3: A total of 6 hub target genes (AKT1, CASP3, PPARG, SIRT1, TNF and TP53) were identified using the Cytoscape-cytoHubba plugin. The results of this study indicate that quercetin, kaempferol, formononetin and naringenin in SJZD may play an important role in the treatment of non-segmental vitiligo by acting on AKT1, CASP3, PPARG, SIRT1, TNF and TP53 to regulate immune cell infiltration and multiple signaling pathways. || PPARG: A total of 6 hub target genes (AKT1, CASP3, PPARG, SIRT1, TNF and TP53) were identified using the Cytoscape-cytoHubba plugin. The results of this study indicate that quercetin, kaempferol, formononetin and naringenin in SJZD may play an important role in the treatment of non-segmental vitiligo by acting on AKT1, CASP3, PPARG, SIRT1, TNF and TP53 to regulate immune cell infiltration and multiple signaling pathways. || SIRT1: A total of 6 hub target genes (AKT1, CASP3, PPARG, SIRT1, TNF and TP53) were identified using the Cytoscape-cytoHubba plugin. The results of this study indicate that quercetin, kaempferol, formononetin and naringenin in SJZD may play an important role in the treatment of non-segmental vitiligo by acting on AKT1, CASP3, PPARG, SIRT1, TNF and TP53 to regulate immune cell infiltration and multiple signaling pathways. || TNF: KEGG analysis showed that target genes were significantly enriched in immune-related pathways such as MAPK and TNF signaling pathways. A total of 6 hub target genes (AKT1, CASP3, PPARG, SIRT1, TNF and TP53) were identified using the Cytoscape-cytoHubba plugin. || TP53: A total of 6 hub target genes (AKT1, CASP3, PPARG, SIRT1, TNF and TP53) were identified using the Cytoscape-cytoHubba plugin. The results of this study indicate that quercetin, kaempferol, formononetin and naringenin in SJZD may play an important role in the treatment of non-segmental vitiligo by acting on AKT1, CASP3, PPARG, SIRT1, TNF and TP53 to regulate immune cell infiltration and multiple signaling pathways.										
四君子汤	37467821	2023-07-17	2023	Sijunzi decoction ameliorates gastric precancerous lesions via regulating oxidative phosphorylation based on proteomics and metabolomics.	Journal of ethnopharmacology	10.1016/j.jep.2023.116925	Journal Article	eligible	exact_title_alias:Sijunzi Decoction	candidate_experimental	biological_model													
四君子汤	37609865	2023-08-23	2023	Exploring the therapeutic mechanisms of Sijunzi decoction in the treatment of sarcopenia: Key targets and signaling pathways.	Biomedical chromatography : BMC	10.1002/bmc.5722	Journal Article	eligible	exact_title_alias:Sijunzi Decoction	candidate_experimental	biological_model | perturbation | computational_component	AKT1 | SIRT1 | TP53 | VEGFA	AKT1:U | SIRT1:U | TP53:U | VEGFA:U	AKT1: The top 10 hub targets comprise AKT1, ALB, INS, IL6, TNF, TP53, VEGFA, SIRT1, CAT and FOS. Validation experiments showed that SJZD alleviates sarcopenia by downregulating SIRT1, IL-6, TNF and AKT1. || SIRT1: The top 10 hub targets comprise AKT1, ALB, INS, IL6, TNF, TP53, VEGFA, SIRT1, CAT and FOS. Validation experiments showed that SJZD alleviates sarcopenia by downregulating SIRT1, IL-6, TNF and AKT1. || TP53: The top 10 hub targets comprise AKT1, ALB, INS, IL6, TNF, TP53, VEGFA, SIRT1, CAT and FOS. || VEGFA: The top 10 hub targets comprise AKT1, ALB, INS, IL6, TNF, TP53, VEGFA, SIRT1, CAT and FOS.										
四君子汤	37716489	2023-09-14	2023	SiJunZi decoction ameliorates bone quality and redox homeostasis and regulates advanced glycation end products/receptor for advanced glycation end products and WNT/β-catenin signaling pathways in diabetic mice.	Journal of ethnopharmacology	10.1016/j.jep.2023.117167	Journal Article	eligible	exact_title_alias:Sijunzi Decoction	candidate_experimental	biological_model | protein_assay	IGF1 | SOD1	IGF1:1 | SOD1:1	IGF1: The expressions of superoxide dismutase 1 (SOD1), advanced glycation end products (AGEs), receptor for advanced glycosylation end products (RAGE), phosphorylated nuclear factor kappa-B (p-NF-κB), NF-κB, cathepsin K, semaphorin 3A (Sema3A), insulin-like growth factor 1 (IGF1), p-GSK-3β, (p)-β-catenin, Runt-related transcription factor 2 (Runx2) and Cyclin D1 in the femurs and/or tibias were examined by Western blot or immunohistochemical staining. SJZD administration to diabetic mice preserved redox homeostasis in serum and bone marrow, and prevented an increase in AGEs, RAGE, p-NF-κB/NF-κB, ca || SOD1: The expressions of superoxide dismutase 1 (SOD1), advanced glycation end products (AGEs), receptor for advanced glycosylation end products (RAGE), phosphorylated nuclear factor kappa-B (p-NF-κB), NF-κB, cathepsin K, semaphorin 3A (Sema3A), insulin-like growth factor 1 (IGF1), p-GSK-3β, (p)-β-catenin, Runt-related transcription factor 2 (Runx2) and Cyclin D1 in the femurs and/or tibias were examined by Western blot or immunohistochemical staining.										
四君子汤	37738796	2023-09-20	2023	Sijunzi Tang improves gefitinib resistance by regulating glutamine metabolism.	Biomedicine & pharmacotherapy = Biomedecine & pharmacotherapie	10.1016/j.biopha.2023.115438	Journal Article	eligible	exact_title_alias:Sijunzi Tang	candidate_experimental	biological_model | protein_assay	BAX | GLS | SLC1A5	BAX:U | GLS:1 | SLC1A5:1	BAX: Notably, the co-administration of SJZ and gefitinib synergistically promoted tumor cell apoptosis, potentially through the regulation of BAX and BCL-2 expression. || GLS: Immunohistochemistry and western blot analysis found down-regulation of GLS, GS, and SLC1A5 expression in the co-administration group compared to the control and the individual treatment groups. Moreover, SJZ may affect glutamine metabolism by regulating key targets involved in glutamine metabolism (SLC1A5, GLS, and GS) and modulating the levels of related metabolic markers, ultimately reducing gefitinib resistance. || SLC1A5: Immunohistochemistry and western blot analysis found down-regulation of GLS, GS, and SLC1A5 expression in the co-administration group compared to the control and the individual treatment groups. Moreover, SJZ may affect glutamine metabolism by regulating key targets involved in glutamine metabolism (SLC1A5, GLS, and GS) and modulating the levels of related metabolic markers, ultimately reducing gefitinib resistance.										
四君子汤	37860400	2023-10-11	2023	Retracted: Network Pharmacology Analysis on the Mechanism of Huangqi Sijunzi Decoction in Treating Cancer-Related Fatigue.	Journal of healthcare engineering	10.1155/2023/9895186	Retraction Notice	exclude	publication_status_notice	manual_review	computational_only_possible													
四君子汤	37868820	2023-10-17	2023	Sijunzi Decoction Targets IL1B and TNF to Reduce Neutrophil Extracellular Traps (NETs) in Ulcerative Colitis: Evidence from Silicon Prediction and Experiment Validation.	Drug design, development and therapy	10.2147/DDDT.S428814	Journal Article	eligible	exact_title_alias:Sijunzi Decoction	candidate_experimental	biological_model | protein_assay | transcript_assay | computational_component	AKT1 | IL1B | PTGS2 | TNF	AKT1:U | IL1B:U | PTGS2:U | TNF:U	AKT1: The five core targets identified were AKT1, JUN, IL1B, PTGS2, and TNF, and molecular docking studies indicated that the five targets were well-docked with ginsenoside Rh2, isoflavones, and formononetin. || IL1B: Sijunzi Decoction Targets IL1B and TNF to Reduce Neutrophil Extracellular Traps (NETs) in Ulcerative Colitis: Evidence from Silicon Prediction and Experiment Validation.. The five core targets identified were AKT1, JUN, IL1B, PTGS2, and TNF, and molecular docking studies indicated that the five targets were well-docked with ginsenoside Rh2, isoflavones, and formononetin. || PTGS2: The five core targets identified were AKT1, JUN, IL1B, PTGS2, and TNF, and molecular docking studies indicated that the five targets were well-docked with ginsenoside Rh2, isoflavones, and formononetin. || TNF: Sijunzi Decoction Targets IL1B and TNF to Reduce Neutrophil Extracellular Traps (NETs) in Ulcerative Colitis: Evidence from Silicon Prediction and Experiment Validation.. The five core targets identified were AKT1, JUN, IL1B, PTGS2, and TNF, and molecular docking studies indicated that the five targets were well-docked with ginsenoside Rh2, isoflavones, and formononetin.										
四君子汤	37918551	2023-10-31	2023	The compatibility rationality of Sijunzi decoction based on integrated analysis of tissue distribution and excretion characteristics in spleen deficiency syndrome rats.	Journal of ethnopharmacology	10.1016/j.jep.2023.117376	Journal Article	eligible	exact_title_alias:Sijunzi Decoction	candidate_experimental	biological_model													
四君子汤	37931831	2023-11-04	2023	Jianpi Huayu Decoction suppresses cellular senescence in colorectal cancer via p53-p21-Rb pathway: Network pharmacology and in vivo validation.	Journal of ethnopharmacology	10.1016/j.jep.2023.117347	Journal Article	manual_review	formula_alias_not_in_title	candidate_experimental	biological_model | computational_component													
四君子汤	38580190	2024-04-03	2024	Sijunzi decoction enhances sensitivity of colon cancer cells to NK cell destruction by modulating P53 expression.	Journal of ethnopharmacology	10.1016/j.jep.2024.118115	Journal Article	eligible	exact_title_alias:Sijunzi Decoction	candidate_experimental	biological_model | perturbation | protein_assay | transcript_assay													
四君子汤	38633631	2024-04-03	2024	Exosomal miR-151-3p in saliva: A potential non-invasive marker for gastric cancer diagnosis and prognosis modulated by Sijunzi decoction (SJZD) in mice.	Heliyon	10.1016/j.heliyon.2024.e29169	Journal Article	eligible	exact_title_alias:Sijunzi Decoction	candidate_experimental	biological_model													
四君子汤	38640860	2024-04-13	2024	Sijunzi decoction, a classical Chinese herbal formula, improves fatigue symptoms with changes in gut microbiota in chronic fatigue syndrome: A randomized, double-blind, placebo-controlled, multi-center clinical trial.	Phytomedicine : international journal of phytotherapy and phytopharmacology	10.1016/j.phymed.2024.155636	Journal Article | Multicenter Study | Randomized Controlled Trial	eligible	exact_title_alias:Sijunzi Decoction	candidate_experimental	biological_model													
四君子汤	38650625	2024-04-08	2024	Sijunzi decoction alleviates inflammation and intestinal epithelial barrier damage and modulates the gut microbiota in ulcerative colitis mice.	Frontiers in pharmacology	10.3389/fphar.2024.1360972	Journal Article	eligible	exact_title_alias:Sijunzi Decoction	candidate_experimental	biological_model	TNF	TNF:U	TNF: Moreover, Sijunzi decoction could also significantly inhibit IL-6, IL-1β, and TNF-α while increasing occludin and ZO-1 expression levels.										
四君子汤	38697408	2024-05-01	2024	Multi-omics integrated analyses indicated that non-polysaccharides of Sijunzi decoction ameliorated spleen deficiency syndrome via regulating microbiota-gut-metabolites axis and exerted synergistic compatibility.	Journal of ethnopharmacology	10.1016/j.jep.2024.118276	Journal Article	eligible	exact_title_alias:Sijunzi Decoction	candidate_experimental	biological_model | computational_component													
四君子汤	38880400	2024-06-14	2024	Study on the anti-skin aging effect and mechanism of Sijunzi Tang based on network pharmacology and experimental validation.	Journal of ethnopharmacology	10.1016/j.jep.2024.118421	Journal Article	eligible	exact_title_alias:Sijunzi Tang	candidate_experimental	biological_model | perturbation | computational_component	CAT | CDKN2A | IL1B | TP53	CAT:U | CDKN2A:U | IL1B:U | TP53:U	CAT: In-vivo experiments revealed that SJZT could improve UVB-induced skin thickening, increase the number of collagen fibers, strengthen the structure of elastin fibers, and decrease the expression of MDA, as well as increase the expression of CAT and T-SOD in the skin tissue of mouse. || CDKN2A: PPI network analysis and KEGG studies indicated that TP53, CDKN2A, TNF, IL6, and IL1B might be parts of the core targets associated with EpiSCs senescence. || IL1B: PPI network analysis and KEGG studies indicated that TP53, CDKN2A, TNF, IL6, and IL1B might be parts of the core targets associated with EpiSCs senescence. || TP53: PPI network analysis and KEGG studies indicated that TP53, CDKN2A, TNF, IL6, and IL1B might be parts of the core targets associated with EpiSCs senescence.										
四君子汤	38924132	2024-06-26	2024	Cellular metabolomics study of the antitumor mechanism of Sijunzi decoction combined with mitomycin C.	Biomedical chromatography : BMC	10.1002/bmc.5941	Journal Article	exclude	modified_or_combined_formula	candidate_experimental	biological_model | protein_assay													
四君子汤	39151516	2024-08-16	2024	The impact and mechanism study of Sijunzi decoction and Rg1 on proliferation and differentiation of human umbilical cord mesenchymal stem cells: An experimental study.	Medicine	10.1097/MD.0000000000039350	Journal Article	eligible	exact_title_alias:Sijunzi Decoction	candidate_experimental	biological_model | protein_assay	RUNX2	RUNX2:U	RUNX2: The Sijunzi decoction significantly increased the expression of genes and proteins relevant to osteogenesis, such as osterix, osteocalcin, RUNX2, and osteopontin, and activated the HIF-1α pathway in hUC-MSCs.										
四君子汤	39221016	2024-08-23	2024	Synergistic Therapeutic Effects and Immunoregulatory Mechanism of Maxing Shigan Decoction Combined with Sijunzi Decoction on Viral Pneumonia in Mice.	The Canadian journal of infectious diseases & medical microbiology = Journal canadien des maladies infectieuses et de la microbiologie medicale	10.1155/2024/2017992	Journal Article	exclude	modified_or_combined_formula	candidate_experimental	biological_model	NLRP3 | TLR7	NLRP3:U | TLR7:U	NLRP3: Moreover, further research demonstrated that the combined use suppressed TLRs and NLRP3 inflammatory signaling pathways at 4 dpi while promoting them at 7 dpi. MXSGD and SJZD exhibit synergistic effects in the treatment of influenza, as evidenced by the inhibition of TLR7 and NLRP3 inflammatory pathways early in the infection and facilitation of the response later. || TLR7: MXSGD and SJZD exhibit synergistic effects in the treatment of influenza, as evidenced by the inhibition of TLR7 and NLRP3 inflammatory pathways early in the infection and facilitation of the response later.										
四君子汤	39307787	2024-08	2024	[Effect of Sijunzi Decoction on intestinal barrier of type 2 diabetic mice].	Zhongguo Zhong yao za zhi = Zhongguo zhongyao zazhi = China journal of Chinese materia medica	10.19540/j.cnki.cjcmm.20240429.401	English Abstract | Journal Article	eligible	exact_title_alias:Sijunzi Decoction	candidate_experimental	biological_model | protein_assay													
四君子汤	39660000	2024-11-26	2024	Molecular targets and mechanisms of Sijunzi decoction in the treatment of Parkinson's disease: evidence from network pharmacology, molecular docking, molecular dynamics simulation, and experimental validation.	Frontiers in pharmacology	10.3389/fphar.2024.1487474	Journal Article	eligible	exact_title_alias:Sijunzi Decoction	candidate_experimental	biological_model | computational_component	AKT1 | TP53	AKT1:U | TP53:U	AKT1: The five targets with the highest Degree values in the PPI network were AKT1, INS, TNF, IL-6, and TP53. Molecular docking and kinetic simulations showed that IL-6 and AKT1 bind best to Adenosine. || TP53: The five targets with the highest Degree values in the PPI network were AKT1, INS, TNF, IL-6, and TP53.										
四君子汤	39667552	2024-12-10	2024	The mechanism of SiJunZi decoction in the treatment of Parkinson's disease.	Brain research	10.1016/j.brainres.2024.149397	Journal Article	eligible	exact_title_alias:Sijunzi Decoction	candidate_experimental	biological_model | computational_component	BCL2 | CASP3 | PTGS2	BCL2:U | CASP3:U | PTGS2:U	BCL2: Molecular docking results showed that Ellipticine and Hederagenin in SJZD exhibited significant effects on targets: CASP3, BCL2, and PTGS2. || CASP3: Molecular docking results showed that Ellipticine and Hederagenin in SJZD exhibited significant effects on targets: CASP3, BCL2, and PTGS2. || PTGS2: Molecular docking results showed that Ellipticine and Hederagenin in SJZD exhibited significant effects on targets: CASP3, BCL2, and PTGS2.										
四君子汤	40139576	2025-03-24	2025	Sijunzi decoction improves lipid metabolism via regulation of Wnt/β-catenin signaling pathway in diabetic mice and 3T3-L1 cells.	Journal of ethnopharmacology	10.1016/j.jep.2025.119672	Journal Article	eligible	exact_title_alias:Sijunzi Decoction	candidate_experimental	biological_model | protein_assay	EBP | FASN	EBP:1 | FASN:1	EBP: The expression levels of Wnt10b, β-catenin, CCAAT enhancer binding protein α (C/EBP-α), sterol regulatory element-binding protein 1 (SREBP-1c), acetyl-CoA carboxylase-1 (ACC1), peroxisome proliferator-activated receptor γ (PPAR-γ), fatty acid synthase (FASN), adipose triglyceride lipase (ATGL) were examined by Western blot and/or qRT-PCR. These interventions decrease the expressions of PPAR-γ, SREBP-1c, C/EBP-α, FASN, ACC1 and P-β-catenin, and increase the expressions of ATGL, Wnt10b and β-catenin. || FASN: The expression levels of Wnt10b, β-catenin, CCAAT enhancer binding protein α (C/EBP-α), sterol regulatory element-binding protein 1 (SREBP-1c), acetyl-CoA carboxylase-1 (ACC1), peroxisome proliferator-activated receptor γ (PPAR-γ), fatty acid synthase (FASN), adipose triglyceride lipase (ATGL) were examined by Western blot and/or qRT-PCR. These interventions decrease the expressions of PPAR-γ, SREBP-1c, C/EBP-α, FASN, ACC1 and P-β-catenin, and increase the expressions of ATGL, Wnt10b and β-catenin.										
四君子汤	40190808	2025-03-31	2025	The Mechanism of Sijunzi Decoction Suppresses Gastric Cancer Metastasis via the m6A Methyltransferase METTL14 Based on Untargeted Metabolomics Studies and Network Pharmacology Analysis.	Drug design, development and therapy	10.2147/DDDT.S506702	Journal Article	eligible	exact_title_alias:Sijunzi Decoction	candidate_experimental	biological_model | transcript_assay | computational_component	EGFR | METTL14 | METTL3	EGFR:U | METTL14:U | METTL3:U	EGFR: SJZ inhibited clone formation, migration, and invasion of gastric cancer cells, and EGFR and Vimentin expression via METTL14 (P<0.05, P<0.01, or P<0.001). || METTL14: The Mechanism of Sijunzi Decoction Suppresses Gastric Cancer Metastasis via the m6A Methyltransferase METTL14 Based on Untargeted Metabolomics Studies and Network Pharmacology Analysis.. Experimental assays demonstrated a significant decrease in METTL3 expression following SJZ treatment, whereas the expression level of METTL14 was markedly elevated in the SJZ group across both gastric cancer cell lines and gastric cancer tissues derived from a mouse model (P<0.01, P<0.001, or P<0.05). || METTL3: Experimental assays demonstrated a significant decrease in METTL3 expression following SJZ treatment, whereas the expression level of METTL14 was markedly elevated in the SJZ group across both gastric cancer cell lines and gastric cancer tissues derived from a mouse model (P<0.01, P<0.001, or P<0.05).										
四君子汤	40291867	2025-04-27	2025	Association of Sijunzi decoction plus chemotherapy with gastrointestinal function and serum markers in patients after gastric carcinoma surgery.	World journal of gastrointestinal surgery	10.4240/wjgs.v17.i4.100800	Journal Article	exclude	modified_or_combined_formula	candidate_experimental	biological_model													
四君子汤	40769438	2025-08-07	2025	Sijunzi Decoction treatment improved depression with qi deficiency/fatigue in the strain-dependent manner, involved in anti-inflammation in the hippocampus and muscles.	Journal of ethnopharmacology	10.1016/j.jep.2025.120380	Journal Article	eligible	exact_title_alias:Sijunzi Decoction	candidate_experimental	biological_model | transcript_assay													
四君子汤	40896353	2025-08-07	2025	Therapeutic effects of Gunryeong-tang on the cardio-renal axis in an animal model of pulmonary hypertension.	Integrative medicine research	10.1016/j.imr.2025.101218	Journal Article	exclude	formula_alias_not_relocated	manual_review	no_abstract_assay_signal	TLR4	TLR4:U	TLR4: Results: Various parameters were assessed, including right ventricular (RV) enlargement and fibrosis, lung weight, pulmonary fibrosis, expression of cardiac hypertrophy markers, and involvement of specific pathways (TGF-β/p-Smad2 and HMGB-1/TLR4/MyD88/NF-κB). The administration downregulated cardiac hypertrophy markers (CTGF, TGF-β, and α-SMA mRNA levels) and inhibited the TGF-β/p-Smad2 and HMGB-1/TLR4/MyD88/NF-κB pathways, showcasing GRT's anti-fibroinflammatory properties.										
四君子汤	40937418	2025-08-27	2025	Case Report: Integrated traditional Chinese and Western medicine in the outpatient management of diabetic foot gangrene complicating uremia.	Frontiers in endocrinology	10.3389/fendo.2025.1638086	Case Reports | Journal Article	manual_review	formula_alias_not_in_title	candidate_experimental	biological_model													
四君子汤	40987866	2025-09-23	2025	Therapeutic association and mechanistic exploration of modified Sijunzi Decoction in radiation-induced sinusitis: an integrated retrospective analysis and network pharmacology study.	European archives of oto-rhino-laryngology : official journal of the European Federation of Oto-Rhino-Laryngological Societies (EUFOS) : affiliated with the German Society for Oto-Rhino-Laryngology - Head and Neck Surgery	10.1007/s00405-025-09688-z	Journal Article	exclude	modified_or_combined_formula	candidate_experimental	biological_model | computational_component													
四君子汤	41034986	2025-10-01	2025	Changji'an formula alleviates visceral hypersensitivity of a post-inflammatory IBS-D mouse model via NGF/TrkA signaling pathway.	BMC complementary medicine and therapies	10.1186/s12906-025-05095-3	Journal Article	manual_review	formula_alias_not_in_title	candidate_experimental	biological_model | protein_assay | transcript_assay	GAP43 | NGF	GAP43:1 | NGF:1	GAP43: Gene and protein expression of mast cell tryptase, nerve growth factor (NGF), tyrosine kinase receptor A (TrkA), phosphorylated TrkA, growth associated protein 43(GAP43) and neuro-specific enolase (NSE) were determined by RT-PCR, western blot and immunohistochemistry. The mRNA and protein expression of mast cell marker tryptase, as well as NGF, phosphorylated TrkA, GAP43 and NSE in IBS-D mice colonic tissues were down-regulated by CJAF. || NGF: Changji'an formula alleviates visceral hypersensitivity of a post-inflammatory IBS-D mouse model via NGF/TrkA signaling pathway.. Gene and protein expression of mast cell tryptase, nerve growth factor (NGF), tyrosine kinase receptor A (TrkA), phosphorylated TrkA, growth associated protein 43(GAP43) and neuro-specific enolase (NSE) were determined by RT-PCR, western blot and immunohistochemistry.										
四君子汤	41058947	2025-10-02	2025	Modified Sijunzi Decoction Inhibits Pancreatic Cancer Progression and Improves Immune Suppression: Network Pharmacology and Experimental Validation.	Drug design, development and therapy	10.2147/DDDT.S520390	Journal Article	exclude	modified_or_combined_formula	candidate_experimental	binding_activity | biological_model | protein_assay | computational_component	AKT1 | EGFR | JAK1 | STAT3	AKT1:U | EGFR:U | JAK1:2 | STAT3:2	AKT1: Network pharmacology analysis revealed that EGFR, SRC, AKT1, and STAT3 were the core MSJZD targets in PC treatment. Molecular docking revealed a strong binding affinity between wedelolactone and its core target proteins (EGFR, SRC, AKT1). || EGFR: Network pharmacology analysis revealed that EGFR, SRC, AKT1, and STAT3 were the core MSJZD targets in PC treatment. Molecular docking revealed a strong binding affinity between wedelolactone and its core target proteins (EGFR, SRC, AKT1). || JAK1: MSJZD effectively inhibited the growth of orthotopic pancreatic tumors in mice via JAK1-STAT3 pathway and reduced Ki-67 expression, with no discernible toxicity to the liver and kidneys. MSJZD is a safe and effective decoction for PC that exerts anti-tumor effects by inhibiting JAK1-STAT3 pathway and improving immunosuppressive microenvironment by reducing M2 macrophage infiltration and increasing CD8+ T cell infiltration. || STAT3: MSJZD effectively inhibited the growth of orthotopic pancreatic tumors in mice via JAK1-STAT3 pathway and reduced Ki-67 expression, with no discernible toxicity to the liver and kidneys. Network pharmacology analysis revealed that EGFR, SRC, AKT1, and STAT3 were the core MSJZD targets in PC treatment.										
四君子汤	41101549	2025-10-14	2025	Mechanism validation of recuperating lung decoction for COPD: Targeting the TLR4/PI3K/Akt/mTOR signaling pathway to mitigate smoke- and LPS-induced pulmonary inflammation.	Journal of ethnopharmacology	10.1016/j.jep.2025.120750	Journal Article	manual_review	formula_alias_not_in_title	candidate_experimental	biological_model | computational_component	GAPDH | TLR4	GAPDH:U | TLR4:U	GAPDH: Additionally, RLD decreased the transcriptional activity of TLR4, PI3K, Akt, and mTOR, along with activation ratios of TLR4/GAPDH, p-PI3K/PI3K, p-Akt/Akt, and p-mTOR/mTOR. || TLR4: Mechanism validation of recuperating lung decoction for COPD: Targeting the TLR4/PI3K/Akt/mTOR signaling pathway to mitigate smoke- and LPS-induced pulmonary inflammation.. Additionally, RLD decreased the transcriptional activity of TLR4, PI3K, Akt, and mTOR, along with activation ratios of TLR4/GAPDH, p-PI3K/PI3K, p-Akt/Akt, and p-mTOR/mTOR.										
四君子汤	41177238	2025-10-31	2025	Jianpi-huayu Decotion regulates TREM1/DAP12 pathway to improve the immunosuppressive tumor microenvironment and enhance the anti-hepatocellular carcinoma effect of PD-1 inhibitors.	Journal of ethnopharmacology	10.1016/j.jep.2025.120846	Journal Article	manual_review	formula_alias_not_in_title	candidate_experimental	biological_model | perturbation | protein_assay | transcript_assay | computational_component	TREM1	TREM1:U	TREM1: Jianpi-huayu Decotion regulates TREM1/DAP12 pathway to improve the immunosuppressive tumor microenvironment and enhance the anti-hepatocellular carcinoma effect of PD-1 inhibitors.. Notably, TREM1 is significantly upregulated during HCC progression and has emerged as a key regulator of the tumor immune microenvironment.										
四君子汤	41280323	2025-11-07	2025	STAT3 as a critical target of Sijunzi Decoction in the treatment of gastric cancer: evidence from integrated network pharmacology and experimental validation.	Frontiers in molecular biosciences	10.3389/fmolb.2025.1683806	Journal Article	eligible	exact_title_alias:Sijunzi Decoction	candidate_experimental	biological_model | protein_assay | transcript_assay | computational_component	STAT3	STAT3:1	STAT3: STAT3 as a critical target of Sijunzi Decoction in the treatment of gastric cancer: evidence from integrated network pharmacology and experimental validation.. The expression profile of STAT3 in gastric cancer tissues from three groups of mice model was examined through Western blotting assays and immunohistochemistry to determine its role in Gastric cancer and its regulatory relationship.										
四君子汤	41482090	2025-12-31	2025	Oligosaccharides and small molecule components of Sijunzi decoction modulate the gut microbiota-bile acid axis to synergistically alleviate spleen deficiency syndrome.	Journal of ethnopharmacology	10.1016/j.jep.2025.121141	Journal Article	eligible	exact_title_alias:Sijunzi Decoction	candidate_experimental	biological_model													
六君子汤	36701994	2023-01-13	2023	Liujunzi decoction exerts potent antitumor activity in oesophageal squamous cell carcinoma by inhibiting miR-34a/STAT3/IL-6R feedback loop, and modifies antitumor immunity.	Phytomedicine : international journal of phytotherapy and phytopharmacology	10.1016/j.phymed.2023.154672	Journal Article	eligible	exact_title_alias:Liujunzi Decoction	candidate_experimental	biological_model	STAT3	STAT3:U	STAT3: Liujunzi decoction exerts potent antitumor activity in oesophageal squamous cell carcinoma by inhibiting miR-34a/STAT3/IL-6R feedback loop, and modifies antitumor immunity.. IL-6 and miR-34a inhibitors were used to activate the miR-34a/STAT3/IL-6R feedback loop to observe the effects of LJZD.										
六君子汤	37308030	2023-06-10	2023	Deciphering the function of Xiangsha-Liujunzi-Tang in enhancing duodenal mucosal barrier by inhibiting MC/Tryptase/PAR-2 signaling pathway in functional dyspepsia rats.	Journal of ethnopharmacology	10.1016/j.jep.2023.116715	Journal Article	exclude	formula_alias_not_relocated	candidate_experimental	biological_model | protein_assay	TNF	TNF:1	TNF: The inflammatory factors (VCAM-1, IL-6, TNF-α, and ICAM-1) and histamine content were evaluated by enzyme-linked immunosorbent assay (ELISA). ELISA revealed that XSLJZT reduced the content of inflammatory factors (VCAM-1, IL-6, TNF-α, and ICAM-1) and histamine.										
六君子汤	38096029	2023-12-10	2023	Modified Chaishao Liujunzi Decoction inhibits bile acid-induced gastric intestinal metaplasia: from network prediction to experimental verification.	Aging	10.18632/aging.205285	Journal Article | Research Support, Non-U.S. Gov't	exclude	modified_or_combined_formula	candidate_experimental	biological_model | computational_component	EGFR	EGFR:U	EGFR: Through network pharmacology, we speculated that MCLD could act on GIM by driving the epidermal growth factor receptor (EGFR)/PI3K/AKT/mammalian target of rapamycin (mTOR) pathway. At the same time, MCLD also negatively regulated the expression of genes and proteins of the EGFR/PI3K/AKT/mTOR pathway.										
六君子汤	38403322	2024-01	2024	[Liujunzi Decoction treats 4NQO-induced esophageal cancer in mice: a study based on serum metabolomics].	Zhongguo Zhong yao za zhi = Zhongguo zhongyao zazhi = China journal of Chinese materia medica	10.19540/j.cnki.cjcmm.20231013.702	English Abstract | Journal Article	eligible	exact_title_alias:Liujunzi Decoction	candidate_experimental	biological_model													
六君子汤	38415453	2024	2024	The Potential Mechanism of Liujunzi Decoction in the Treatment of Breast Cancer based on Network Pharmacology and Molecular Docking Technology.	Current pharmaceutical design	10.2174/0113816128289900240219104854	Journal Article | Research Support, Non-U.S. Gov't	eligible	exact_title_alias:Liujunzi Decoction	manual_review	computational_only_possible	ESR1	ESR1:U	ESR1: The core targets were FOS and ESR1.										
六君子汤	38882295	2024-05-22	2024	Lipidomics study of Liujunzi decoction in hyperlipidemia rats with spleen deficiency based on UPLC-Q-TOF/MS.	Heliyon	10.1016/j.heliyon.2024.e31710	Journal Article	eligible	exact_title_alias:Liujunzi Decoction	candidate_experimental	biological_model													
六君子汤	39002822	2024-07-14	2024	Integrating UHPLC-Q-TOF-MS/MS, network pharmacology, bioinformatics and experimental validation to uncover the anti-cancer mechanisms of TiaoPi AnChang decoction in colorectal cancer.	Journal of ethnopharmacology	10.1016/j.jep.2024.118576	Journal Article	manual_review	formula_alias_not_in_title	candidate_experimental	binding_activity | biological_model | transcript_assay | computational_component	CXCL8 | FABP4 | MMP3	CXCL8:U | FABP4:U | MMP3:1	CXCL8: Clinical analyses highlighted three genes as prognostic key genes of TPACD's therapeutic action: C-X-C motif chemokine ligand 8 (CXCL8), fatty acid binding protein 4 (FABP4), and matrix metallopeptidase 3 (MMP3). || FABP4: Clinical analyses highlighted three genes as prognostic key genes of TPACD's therapeutic action: C-X-C motif chemokine ligand 8 (CXCL8), fatty acid binding protein 4 (FABP4), and matrix metallopeptidase 3 (MMP3). || MMP3: Clinical analyses highlighted three genes as prognostic key genes of TPACD's therapeutic action: C-X-C motif chemokine ligand 8 (CXCL8), fatty acid binding protein 4 (FABP4), and matrix metallopeptidase 3 (MMP3). Drug sensitivity analyses, molecular docking simulations and reverse transcription-quantitative polymerase chain reaction (RT-qPCR) identified MMP3 as the most promising target for TPACD's anti-CRC action.										
六君子汤	39534925	2024-11-13	2024	Exploring the active ingredients and mechanisms of Liujunzi decoction in treating hepatitis B: a study based on network pharmacology, molecular docking, and molecular dynamics simulations.	Computer methods in biomechanics and biomedical engineering	10.1080/10255842.2024.2427117	Journal Article	eligible	exact_title_alias:Liujunzi Decoction	manual_review	computational_only_possible													
六君子汤	39701680	2024-09	2024	[Molecular mechanism of Xiangsha Liujunzi Decoction in treating chronic atrophic gastritis based on transcriptome sequencing technology].	Zhongguo Zhong yao za zhi = Zhongguo zhongyao zazhi = China journal of Chinese materia medica	10.19540/j.cnki.cjcmm.20240509.401	English Abstract | Journal Article	exclude	title_prefixed_formula_variant | alias:Liujunzi Decoction	candidate_experimental	biological_model | transcript_assay	ROCK2	ROCK2:U	ROCK2: Molecular biology experiments revealed significant decreases in cAMP content in gastric tissue and plasma, as well as decreased expression levels of Ras homolog gene family member A(RhoA), ROCK2, phospho-myosin phosphatase target subunit 1(p-MYPT1), and phospho-Myosin light chain(Ser20)(p-MLC20) proteins in gastric tissue in the model group, accompanied by significantly increased cGMP content in gastric tissue and plasma and significantly increased expression of PKG protein in gastric tissue. When the treatment group was compared with the model group, the results showed significant decreases i										
六君子汤	40258725	2025-04-18	2025	Exploring the mechanism of the potential effects of Liujunzi Tang combined with Suanzaoren Tang in the treatment of lung cancer with insomnia based on network pharmacology and molecular docking technology.	Medicine	10.1097/MD.0000000000042205	Journal Article	exclude	modified_or_combined_formula	manual_review	computational_only_possible	AKT1 | IL1B	AKT1:U | IL1B:U	AKT1: Molecular docking showed that the core components naringenin had good binding activity with AKT1, quercetin and ginsenoside Rh2 with IL1B, and other targets. || IL1B: Molecular docking showed that the core components naringenin had good binding activity with AKT1, quercetin and ginsenoside Rh2 with IL1B, and other targets.										
六君子汤	40342036	2025-05-09	2025	Liujunzi Decoction Regulated Intestinal Flora Homeostasis to Relieve Lung-Gut Axis Inflammation in Asthma Flora Disorder Mice: Possibly Related to GATA3/ILC2.	Chinese journal of integrative medicine	10.1007/s11655-025-3929-3	Journal Article	eligible	exact_title_alias:Liujunzi Decoction	candidate_experimental	biological_model | protein_assay	GATA3	GATA3:1	GATA3: Liujunzi Decoction Regulated Intestinal Flora Homeostasis to Relieve Lung-Gut Axis Inflammation in Asthma Flora Disorder Mice: Possibly Related to GATA3/ILC2.. Flow cytometry was used to detect the relative counts of GATA binding protein 3 (GATA3)/type 2 innate lymphoid cells (ILC2) in lung and gut.										
六君子汤	40461233	2025-04	2025	[Mechanism of Xiangsha Liujunzi Decoction in improving autophagy in interstitial cells of Cajal of rats with functional dyspepsia by regulation of IRE1/ASK1/JNK pathway].	Zhongguo Zhong yao za zhi = Zhongguo zhongyao zazhi = China journal of Chinese materia medica	10.19540/j.cnki.cjcmm.20241111.705	English Abstract | Journal Article	exclude	title_prefixed_formula_variant | alias:Liujunzi Decoction	candidate_experimental	biological_model | protein_assay	TNF | TRAF2	TNF:1 | TRAF2:1	TNF: The immunofluorescence double staining technique was used to detect the protein expression of phospho-IRE1(p-IRE1), TNF receptor associated factors 2(TRAF2), phospho-ASK1(p-ASK1), phospho-JNK(p-JNK), p62, and Beclin1 in ICC of gastric sinus tissue of rats in each group. || TRAF2: The immunofluorescence double staining technique was used to detect the protein expression of phospho-IRE1(p-IRE1), TNF receptor associated factors 2(TRAF2), phospho-ASK1(p-ASK1), phospho-JNK(p-JNK), p62, and Beclin1 in ICC of gastric sinus tissue of rats in each group. Immunofluorescence staining revealed that the ICC of gastric sinus tissue showed a significant elevation of p-IRE1, TRAF2, p-ASK1, p-JNK, and Beclin1 proteins and a significant reduction of p62 protein.										
六君子汤	40466880	2025-06-02	2025	Therapeutic mechanism of Jinshui Liujunzi Decoction in treating COPD: targeting the PI3K/Akt signaling pathway.	Journal of ethnopharmacology	10.1016/j.jep.2025.120070	Journal Article	exclude	title_prefixed_formula_variant | alias:Liujunzi Decoction	candidate_experimental	biological_model | protein_assay | computational_component	PIK3R1	PIK3R1:U	PIK3R1: Molecular docking results showed that the binding energy between JZD's key components and core targets was less than -5.0 kcal/mol, with PIK3R1 exhibiting the strongest binding affinity.										
六君子汤	41069602	2025-09-24	2025	Multi-pathway mechanisms of Liujunzi decoction in promoting glioma apoptosis and reversing drug resistance: network pharmacology and experimental validation.	Frontiers in pharmacology	10.3389/fphar.2025.1682550	Journal Article	eligible	exact_title_alias:Liujunzi Decoction	candidate_experimental	biological_model | perturbation | computational_component	AKT1 | EGFR | HIF1A | STAT3 | TP53	AKT1:U | EGFR:2 | HIF1A:U | STAT3:U | TP53:U	AKT1: PPI network analysis revealed 40 hub targets, with TP53, AKT1, HIF1A, TNF and IL6 ranking as the top five core targets based on degree. || EGFR: GO and KEGG enrichment analyses demonstrated that LJZD's anti-glioma effects are mediated through genes related to apoptosis and key pathways including platinum drug resistance, EGFR tyrosine kinase inhibitor resistance, and PD-LI expression and PD-1 checkpoint pathway in cancer. || HIF1A: PPI network analysis revealed 40 hub targets, with TP53, AKT1, HIF1A, TNF and IL6 ranking as the top five core targets based on degree. || STAT3: Glabridin significantly downregulated phosphorylation levels of AKT, STAT3 and c-Jun, while reducing expression of c-Myc and HIF-1α in U251 cells. || TP53: PPI network analysis revealed 40 hub targets, with TP53, AKT1, HIF1A, TNF and IL6 ranking as the top five core targets based on degree.										
六君子汤	41344517	2025-12-02	2025	Xiangsha Liujunzi decoction restores mitochondrial function and ameliorates chronic ulcerative colitis by regulating the PI3K/AKT/Nrf2 and AMPK/SIRT1/PGC-1α signaling pathways.	Journal of ethnopharmacology	10.1016/j.jep.2025.120997	Journal Article	exclude	title_prefixed_formula_variant | alias:Liujunzi Decoction	candidate_experimental	biological_model | perturbation | protein_assay | computational_component	NRF1 | PGC | SIRT1 | TFAM | TNF	NRF1:U | PGC:U | SIRT1:U | TFAM:U | TNF:1	NRF1: XS promoted AMPK phosphorylation in the mitochondrial biogenesis pathway, increased the protein expression of SIRT1 and PGC-1α, and upregulated the expression of NRF1 and TFAM. || PGC: Xiangsha Liujunzi decoction restores mitochondrial function and ameliorates chronic ulcerative colitis by regulating the PI3K/AKT/Nrf2 and AMPK/SIRT1/PGC-1α signaling pathways.. XS promoted AMPK phosphorylation in the mitochondrial biogenesis pathway, increased the protein expression of SIRT1 and PGC-1α, and upregulated the expression of NRF1 and TFAM. || SIRT1: Xiangsha Liujunzi decoction restores mitochondrial function and ameliorates chronic ulcerative colitis by regulating the PI3K/AKT/Nrf2 and AMPK/SIRT1/PGC-1α signaling pathways.. XS promoted AMPK phosphorylation in the mitochondrial biogenesis pathway, increased the protein expression of SIRT1 and PGC-1α, and upregulated the expression of NRF1 and TFAM. || TFAM: XS promoted AMPK phosphorylation in the mitochondrial biogenesis pathway, increased the protein expression of SIRT1 and PGC-1α, and upregulated the expression of NRF1 and TFAM. || TNF: The mRNA expression of inflammatory factors (IL-6, IL-1β, and TNF-α) in mice and cells was measured by qRT-PCR, while the expression of occludin and ZO-1 proteins and mRNAs in colonic tissue was detected by Western Blot (WB) and qRT-PCR. In the chronic UC mouse model, XS alleviated weight loss, reduced DAI scores, increased colon length, and improved colonic mucosal and pathological changes; inhibited the mRNA expression of inflammatory factors (IL-6, IL-1β, TNF-α); and significantly increased the mRNA and protein expression of tight-junction proteins occludin and ZO-1 to reduce intestinal inf										
六君子汤	41508247	2025-10	2025	[Mechanism of modified Xiangsha Liujunzi Decoction in inhibiting liver inflammatory response in hyperlipidemic mice based on ApoA-I/ATF3/TLR4/NF-κB signaling axis].	Zhongguo Zhong yao za zhi = Zhongguo zhongyao zazhi = China journal of Chinese materia medica	10.19540/j.cnki.cjcmm.20250624.501	English Abstract | Journal Article	exclude	modified_or_combined_formula	candidate_experimental	biological_model | protein_assay | transcript_assay	ATF3 | TLR4 | TNF	ATF3:U | TLR4:1 | TNF:1	ATF3: [Mechanism of modified Xiangsha Liujunzi Decoction in inhibiting liver inflammatory response in hyperlipidemic mice based on ApoA-I/ATF3/TLR4/NF-κB signaling axis].. This study aims to investigate the mechanism by which modified Xiangsha Liujunzi Decoction regulates liver inflammatory responses through apolipoprotein A-I(ApoA-I)-mediated modulation of activating transcription factor 3(ATF3). || TLR4: [Mechanism of modified Xiangsha Liujunzi Decoction in inhibiting liver inflammatory response in hyperlipidemic mice based on ApoA-I/ATF3/TLR4/NF-κB signaling axis].. The levels of interleukin(IL)-1β, IL-6, and tumor necrosis factor-α(TNF-α) in liver tissue were detected by enzyme-linked immunosorbent assay(ELISA), and the expression levels of ApoA-I, ATF3, Toll-like receptor 4(TLR4), and nuclear factor-κB(NF-κB) mRNAs and proteins were measured by reverse-transcription quantitative polymerase chain reaction(RT-qPCR) and Western blot. || TNF: The levels of interleukin(IL)-1β, IL-6, and tumor necrosis factor-α(TNF-α) in liver tissue were detected by enzyme-linked immunosorbent assay(ELISA), and the expression levels of ApoA-I, ATF3, Toll-like receptor 4(TLR4), and nuclear factor-κB(NF-κB) mRNAs and proteins were measured by reverse-transcription quantitative polymerase chain reaction(RT-qPCR) and Western blot. Compared with the blank control group, the HFD control group exhibited significantly elevated levels of TC, TG, HDL-C, LDL-C, ALT, and AST in serum of mice(P&lt;0.01), significantly increased levels and expressions of IL-1β, I										
四物汤	36632856	2023-01-09	2023	Established UPLC-MS/MS procedure for multicomponent quantitative analysis of rat plasma: Pharmacokinetics of Taohong Siwu Decoction in normal and acute blood stasis models.	Journal of ethnopharmacology	10.1016/j.jep.2022.116094	Journal Article	exclude	title_prefixed_formula_variant | alias:Siwu Decoction	candidate_experimental	biological_model													
四物汤	36682599	2023-01-20	2023	Taohong Siwu Decoction enhances human bone marrow mesenchymal stem cells proliferation, migration and osteogenic differentiation via VEGF-FAK signaling in vitro.	Journal of ethnopharmacology	10.1016/j.jep.2023.116203	Journal Article	exclude	title_prefixed_formula_variant | alias:Siwu Decoction	candidate_experimental	biological_model | perturbation													
四物汤	36726841	2023-01-23	2023	Analysis of Potential Mechanism of Herbal Formula Taohong Siwu Decoction against Vascular Dementia Based on Network Pharmacology and Molecular Docking.	BioMed research international	10.1155/2023/1235552	Journal Article	exclude	title_prefixed_formula_variant | alias:Siwu Decoction	manual_review	computational_only_possible	AKT1 | CASP3 | TP53	AKT1:U | CASP3:U | TP53:U	AKT1: The potential core targets including AKT1, CASP3, IL1β, JUN, and TP53 associated with cell apoptosis and inflammatory might account for the essential therapeutic effects of TSD in VaD. || CASP3: The potential core targets including AKT1, CASP3, IL1β, JUN, and TP53 associated with cell apoptosis and inflammatory might account for the essential therapeutic effects of TSD in VaD. || TP53: The potential core targets including AKT1, CASP3, IL1β, JUN, and TP53 associated with cell apoptosis and inflammatory might account for the essential therapeutic effects of TSD in VaD.										
四物汤	37079249	2023-04-20	2023	Comparative Study on the Pharmacokinetics of Paeoniflorin, White Peony Root Water Extract, and Taohong Siwu Decoction After Oral Administration in Rats.	European journal of drug metabolism and pharmacokinetics	10.1007/s13318-023-00825-9	Journal Article	exclude	title_prefixed_formula_variant | alias:Siwu Decoction	candidate_experimental	biological_model													
四物汤	37088809	2023-04-23	2023	Exploring the mechanism of Taohong Siwu Decoction on the treatment of blood deficiency and blood stasis syndrome by gut microbiota combined with metabolomics.	Chinese medicine	10.1186/s13020-023-00734-8	Journal Article	exclude	modified_or_combined_formula	candidate_experimental	biological_model													
四物汤	37142144	2023-05-02	2023	Taohong siwu decoction ameliorates cognitive dysfunction through SIRT6/ER stress pathway in Alzheimer's disease.	Journal of ethnopharmacology	10.1016/j.jep.2023.116580	Journal Article	exclude	title_prefixed_formula_variant | alias:Siwu Decoction	candidate_experimental	biological_model | protein_assay	APP | ATF6 | SIRT6	APP:1 | ATF6:U | SIRT6:U	APP: Herein, the APP/PS1 mice, an AD model, and HT-22 cell lines were utilized. Then, immunofluorescence and Western blot analysis were applied to evaluate silent information regulator 6 (SIRT6) and ER Stress related protein levels in APP/PS1 mice and HT-22 cells. || ATF6: Furthermore, TSD could up-regulate the SIRT6 protein expression and inhibit ER sensing proteins expressions, such as p-PERK and ATF6, in APP/PS1 mice and Aβ1-42-treated HT22 cells. || SIRT6: Taohong siwu decoction ameliorates cognitive dysfunction through SIRT6/ER stress pathway in Alzheimer's disease.. To investigate whether TSD could be effective in ameliorating cognitive deficits through SIRT6/ER stress pathway.										
四物汤	37264383	2023-06-01	2023	Screening of key functional components of Taohong Siwu Decoction on ischemic stroke treatment based on multiobjective optimization approach and experimental validation.	BMC complementary medicine and therapies	10.1186/s12906-023-03990-1	Journal Article	exclude	title_prefixed_formula_variant | alias:Siwu Decoction	candidate_experimental	biological_model													
四物汤	37294373	2023-06-09	2023	Screening and identification of effective components from modified Taohong Siwu decoction for protecting H9c2 cells from damage.	In vitro cellular & developmental biology. Animal	10.1007/s11626-023-00773-3	Journal Article	exclude	modified_or_combined_formula	candidate_experimental	biological_model | protein_assay													
四物汤	37307591	2023-06-12	2023	Construction of SLC16A1/3 Targeted Gallic Acid-Iron-Embelin Nanoparticles for Regulating Glycolysis and Redox Pathways in Cervical Cancer.	Molecular pharmaceutics	10.1021/acs.molpharmaceut.3c00294	Journal Article | Research Support, Non-U.S. Gov't	manual_review	formula_alias_not_in_title	candidate_experimental	biological_model | perturbation | computational_component	EMB | SLC16A1 | SLC16A3	EMB:2 | SLC16A1:U | SLC16A3:U	EMB: The mRNA levels and protein levels of SLC16A1/3 in SiHa and HeLa cells treated by Embelin (EMB) were clarified, respectively. Through the analysis of Siwu Decoction, a simultaneously targeted SLC16A1/3 inhibitor EMB was discovered. || SLC16A1: Construction of SLC16A1/3 Targeted Gallic Acid-Iron-Embelin Nanoparticles for Regulating Glycolysis and Redox Pathways in Cervical Cancer.. SLC16A1 and SLC16A3 (SLC16A1/3) are highly expressed in cervical cancers and associated with the malignant biological behavior of cancer. || SLC16A3: SLC16A1 and SLC16A3 (SLC16A1/3) are highly expressed in cervical cancers and associated with the malignant biological behavior of cancer.										
四物汤	37342242	2023-06-05	2023	Effect of gut microbiome regulated Taohong Siwu Decoction metabolism on glioma cell phenotype.	Frontiers in cellular and infection microbiology	10.3389/fcimb.2023.1192589	Journal Article | Research Support, Non-U.S. Gov't	exclude	title_prefixed_formula_variant | alias:Siwu Decoction	candidate_experimental	biological_model | transcript_assay	CDC6	CDC6:1	CDC6: RNA-seq analysis showed that TSD-fed normal mouse serum could regulate CDC6 pathway activity in glioma cells.										
四物汤	37533095	2023-08-02	2023	Potential mechanism of Taohong Siwu Decoction in uterine fibroid treatment based on integrated strategy of network pharmacology and experimental verification.	Chinese medicine	10.1186/s13020-023-00809-6	Journal Article	exclude	title_prefixed_formula_variant | alias:Siwu Decoction	candidate_experimental	biological_model | perturbation | computational_component	PTEN	PTEN:U	PTEN: The potential binding sites of miR-21-5p to PTEN were predicted using online databases. In vivo, we observed that low, medium, and high doses of THSWD improved histological changes in UF rats by increasing the expression levels of PTEN and miR-21-5p in their uterus while decreasing the expression levels of p-PI3K, p-AKT, and miR-21-5p.										
四物汤	37802815	2023-09	2023	[Active components and potential mechanism of Taohong Siwu Decoction in regulating ischemic stroke based on target cell trapping combined with network pharmacology, molecular docking, and experimental validation].	Zhongguo Zhong yao za zhi = Zhongguo zhongyao zazhi = China journal of Chinese materia medica	10.19540/j.cnki.cjcmm.20230423.403	English Abstract | Journal Article	exclude	modified_or_combined_formula	candidate_experimental	biological_model | computational_component													
四物汤	37827297	2023-10-11	2023	DIA-based serum proteomics revealed the protective effect of modified siwu decoction against hypobaric hypoxia.	Journal of ethnopharmacology	10.1016/j.jep.2023.117303	Journal Article	exclude	modified_or_combined_formula	candidate_experimental	biological_model													
四物汤	37907033	2023-10-29	2023	Clinical study of modified photodynamic therapy combined with Taohong Siwu Decoction in treating hypertrophic scar after severe burn.	Clinics (Sao Paulo, Brazil)	10.1016/j.clinsp.2023.100295	Journal Article	exclude	modified_or_combined_formula	candidate_experimental	biological_model													
四物汤	38042386	2023-11-30	2023	Taohong Siwu decoction reduces acute myocardial ischemia-reperfusion injury by promoting autophagy to inhibit pyroptosis.	Journal of ethnopharmacology	10.1016/j.jep.2023.117515	Journal Article	exclude	title_prefixed_formula_variant | alias:Siwu Decoction	candidate_experimental	biological_model | computational_component	GSDMD | MB | NLRP3	GSDMD:U | MB:U | NLRP3:U	GSDMD: TSD administration increased the protein expression of microtubule-associated protein light chain 3 (LC3), but reduced the protein expression of p62, NLRP3, ASC, caspase-1, cleaved caspase-1, pro-caspase-1, gasdermin D (GSDMD), GSDMD-N-terminal, IL-18, and IL-1β. || MB: In mice, TSD significantly reduced the volume of the myocardial infarct, significantly reduced serum levels of cardiac troponin-nI (CTnI), creatine kinase-myocardial band (CK-MB), malonaldehyde (MDA), interleukin (IL)-6, increased the activity of superoxide dismutase (SOD) and IL-10 level, reduced the level of pyroptosis in myocardial tissue, increased the number of autophagosomes, and significantly reduced the fluorescence intensity of apoptosis-associated speck-like protein (ASC), Nod-like receptor protein 3 (NLRP3), and caspase-1. || NLRP3: In mice, TSD significantly reduced the volume of the myocardial infarct, significantly reduced serum levels of cardiac troponin-nI (CTnI), creatine kinase-myocardial band (CK-MB), malonaldehyde (MDA), interleukin (IL)-6, increased the activity of superoxide dismutase (SOD) and IL-10 level, reduced the level of pyroptosis in myocardial tissue, increased the number of autophagosomes, and significantly reduced the fluorescence intensity of apoptosis-associated speck-like protein (ASC), Nod-like receptor protein 3 (NLRP3), and caspase-1. TSD administration increased the protein expression of micro										
四物汤	38115279	2023-12-15	2023	Exploring the potential mechanism of Taohong Siwu decoction in the treatment of avascular necrosis of the femoral head based on network pharmacology and molecular docking.	Medicine	10.1097/MD.0000000000035312	Journal Article	exclude	title_prefixed_formula_variant | alias:Siwu Decoction	manual_review	computational_only_possible	TNF	TNF:U	TNF: The Kyoto Encyclopedia of Genes and Genomes signaling pathway mainly involves TNF signaling pathway, IL-17 signaling pathway, and the Recactome pathway mainly involves Signaling by Interleukins, Apoptosis, and Intrinsic Pathway for Apoptosis. WikiPathways signaling pathway mainly involves TNF-related weak inducer of apoptosis signaling pathway, IL-18 signaling pathway.										
四物汤	38213245	2024-02	2024	Taohong Siwu decoction ameliorates atherosclerosis in rats possibly through toll-like receptor 4/myeloid differentiation primary response protein 88/nuclear factor-κB signal pathway.	Journal of traditional Chinese medicine = Chung i tsa chih ying wen pan	10.19852/j.cnki.jtcm.20231215.003	Journal Article	exclude	title_prefixed_formula_variant | alias:Siwu Decoction	candidate_experimental	biological_model | protein_assay | computational_component	TLR4	TLR4:1	TLR4: Molecular docking results predicted that the main components of TSD showed a strong binding ability with toll-like receptor (TLR4), myeloid differentiation primary response protein 88 (MyD88), and nuclear factor kappa-B (NF-κB). The results of qRT-PCR and Western blot analysis showed that the mRNA and protein expressions of TLR4, MyD88 and NF-κB p65 in the aorta were reduced in atorvastatin group and TSD group.										
四物汤	38215128	2024-01-12	2024	Exploring the potential mechanism and molecular targets of Taohong Siwu Decoction against deep vein thrombosis based on network pharmacology and analysis docking.	Medicine	10.1097/MD.0000000000036220	Journal Article	exclude	title_prefixed_formula_variant | alias:Siwu Decoction	manual_review	computational_only_possible	AKT1 | IL1B | IL6	AKT1:U | IL1B:U | IL6:U	AKT1: Our analysis of the protein-protein interaction network revealed that IL6, L1B, and AKT1 had the highest degree of association. Molecular docking results demonstrated strong binding affinity between beta-sitosterol, quercetin, kaempferol, and AKT1 proteins as well as IL1B and IL6 proteins. || IL1B: Molecular docking results demonstrated strong binding affinity between beta-sitosterol, quercetin, kaempferol, and AKT1 proteins as well as IL1B and IL6 proteins. The main targets for THSWD treatment of DVT may include AKT1, IL1B, and IL6. || IL6: Our analysis of the protein-protein interaction network revealed that IL6, L1B, and AKT1 had the highest degree of association. Molecular docking results demonstrated strong binding affinity between beta-sitosterol, quercetin, kaempferol, and AKT1 proteins as well as IL1B and IL6 proteins.										
四物汤	38266455	2024-01-12	2024	Non-targeted metabolomics strategy reveals the role of Geng-Nian-Shu in regulating ferroptosis in perimenopausal syndrome.	Journal of pharmaceutical and biomedical analysis	10.1016/j.jpba.2024.115980	Journal Article	manual_review	formula_alias_not_in_title	candidate_experimental	biological_model | protein_assay													
四物汤	38434034	2024-02-20	2024	Transplantation of induced pluripotent stem cells-derived cardiomyocytes combined with modified Taohong Siwu decoction improved heart repair after myocardial infarction.	Heliyon	10.1016/j.heliyon.2024.e26700	Journal Article	exclude	modified_or_combined_formula	candidate_experimental	biological_model | protein_assay													
四物汤	38462929	2024	2024	Deciphering the Mechanism of Siwu Decoction Inhibiting Liver Metastasis by Integrating Network Pharmacology and In Vivo Experimental Validation.	Integrative cancer therapies	10.1177/15347354241236205	Journal Article | Research Support, Non-U.S. Gov't	eligible	exact_title_alias:Siwu Decoction	candidate_experimental	biological_model | computational_component	CASP3 | STAT3 | VEGFA	CASP3:U | STAT3:U | VEGFA:U	CASP3: PPI network acquired 118 therapeutic targets, of which VEGFA, CASP3, STAT3, etc. || STAT3: PPI network acquired 118 therapeutic targets, of which VEGFA, CASP3, STAT3, etc. || VEGFA: PPI network acquired 118 therapeutic targets, of which VEGFA, CASP3, STAT3, etc. VEGFA and HIF-1 were expressed differently in various stages of cancer and normal tissues.										
四物汤	38751973	2024-04-30	2024	Mechanism of action of Taohong Siwu decoction in the alleviation of primary dysmenorrhea.	Frontiers in medicine	10.3389/fmed.2024.1343179	Journal Article	exclude	title_prefixed_formula_variant | alias:Siwu Decoction	candidate_experimental	biological_model	TNF	TNF:U	TNF: Additionally, TSD demonstrated its ability to protect PD rats by ameliorating general behavior, mitigating pathological damage to uterine and ovarian tissues, and modulating the expression levels of correlated factors (PGE2, PGF2α, Ca2+, TXB2, IL-6, TNF-α, NO, and COX-2) as well as p-PI3K/PI3K and p-AKT/AKT proteins.										
四物汤	38763371	2024-05-18	2024	Siwu decoction exerts a phytoestrogenic osteoprotective effect on postmenopausal osteoporosis via the estrogen receptor/phosphatidylinositol 3-kinase/serine/threonine protein kinase pathway.	Journal of ethnopharmacology	10.1016/j.jep.2024.118366	Journal Article	eligible	exact_title_alias:Siwu Decoction	candidate_experimental	biological_model | protein_assay | transcript_assay | computational_component													
四物汤	38777084	2024-05-20	2024	Treating ischemic stroke by improving vascular structure and promoting angiogenesis using Taohong Siwu Decoction: An integrative pharmacology strategy.	Journal of ethnopharmacology	10.1016/j.jep.2024.118372	Journal Article	exclude	title_prefixed_formula_variant | alias:Siwu Decoction	candidate_experimental	biological_model | protein_assay | computational_component													
四物汤	38824979	2024-05-31	2024	Taohong Siwu decoction alleviates cognitive impairment by suppressing endoplasmic reticulum stress and apoptosis signaling pathway in vascular dementia rats.	Journal of ethnopharmacology	10.1016/j.jep.2024.118407	Journal Article	exclude	title_prefixed_formula_variant | alias:Siwu Decoction	candidate_experimental	biological_model | protein_assay	ATF4 | ATF6 | XBP1	ATF4:1 | ATF6:1 | XBP1:1	ATF4: The protein levels of GRP78 (Bip), p-PERK, PERK, IRE1α, p-IRE1α, ATF6, eIF2α, p-eIF2α, ATF4, XBP1, Bcl-2 and Bax were determined by Western blot. || ATF6: The protein levels of GRP78 (Bip), p-PERK, PERK, IRE1α, p-IRE1α, ATF6, eIF2α, p-eIF2α, ATF4, XBP1, Bcl-2 and Bax were determined by Western blot. || XBP1: The protein levels of GRP78 (Bip), p-PERK, PERK, IRE1α, p-IRE1α, ATF6, eIF2α, p-eIF2α, ATF4, XBP1, Bcl-2 and Bax were determined by Western blot.										
四物汤	38902693	2024-06-21	2024	Potential mechanism of Taohong Siwu Decoction in preventing and treating postoperative delirium in intertrochanteric fracture patients based on retrospective analysis and network pharmacology.	Journal of orthopaedic surgery and research	10.1186/s13018-024-04854-1	Journal Article	exclude	title_prefixed_formula_variant | alias:Siwu Decoction	candidate_experimental	biological_model | protein_assay | computational_component	ALB | BCR | CRP | TNF	ALB:U | BCR:U | CRP:U | TNF:1	ALB: We performed a comparative analysis of hemoglobin (HB), albumin (ALB), C-reactive protein (CRP), blood urea nitrogen (BUN), and the blood urea nitrogen to creatinine ratio (BCR) on two different time points: the day before surgery (D0) and the third day after surgery (D3). || BCR: We performed a comparative analysis of hemoglobin (HB), albumin (ALB), C-reactive protein (CRP), blood urea nitrogen (BUN), and the blood urea nitrogen to creatinine ratio (BCR) on two different time points: the day before surgery (D0) and the third day after surgery (D3). Regardless of whether it is in D0 or D3, THSWD treatment can increase HB levels while decreasing BCR. || CRP: We performed a comparative analysis of hemoglobin (HB), albumin (ALB), C-reactive protein (CRP), blood urea nitrogen (BUN), and the blood urea nitrogen to creatinine ratio (BCR) on two different time points: the day before surgery (D0) and the third day after surgery (D3). In D3, the THSWD group demonstrated a significant reduction in the expression of CRP and BUN when compared to the control group. || TNF: Inflammatory cytokines, including cyclooxygenase-2 (COX-2), interleukin-1β (IL-1β), interleukin-6 (IL-6), and tumor necrosis factor- (TNF-α), were measured using the enzyme-linked immunosorbent assay (ELISA). Furthermore, THSWD treatment can reduce the levels of COX-2, IL-1β, IL-6, TNF-α, BUN and CRP in the blood of patients with POD, increase HB levels, and enhance MMSE scores.										
四物汤	38962303	2024-06-18	2024	Promotion of mature angiogenesis in ischemic stroke by Taohong Siwu decoction through glycolysis activation.	Frontiers in pharmacology	10.3389/fphar.2024.1395167	Journal Article	exclude	title_prefixed_formula_variant | alias:Siwu Decoction	candidate_experimental	biological_model | protein_assay	PDGFB | VEGFA	PDGFB:U | VEGFA:U	PDGFB: THSWD significantly enhanced CD31, Ang1, PDGFB, and PDGFR-β expression levels, likely associated with improved glucose, pyruvate, and ATP levels, along with reduced lactate and lactate/pyruvate ratios. In vitro findings suggested that THSWD may boost the expression of mature angiogenesis factors (VEGFA, Ang1, and PDGFB) by activating glycolysis, increasing glucose uptake and augmenting lactate, pyruvate, and ATP content, thus accelerating mature angiogenesis. || VEGFA: In vitro findings suggested that THSWD may boost the expression of mature angiogenesis factors (VEGFA, Ang1, and PDGFB) by activating glycolysis, increasing glucose uptake and augmenting lactate, pyruvate, and ATP content, thus accelerating mature angiogenesis.										
四物汤	39084183	2024-07-25	2024	Siwu decoction suppress myeloid-derived suppressor cells through tumour cells necroptosis to inhibit hepatocellular carcinoma.	Phytomedicine : international journal of phytotherapy and phytopharmacology	10.1016/j.phymed.2024.155913	Journal Article	eligible	exact_title_alias:Siwu Decoction	candidate_experimental	biological_model													
四物汤	39145055	2024-07-26	2024	The mechanism of Taohong Siwu decoction in treating chemotherapy-induced peripheral neuropathy: a network pharmacology and molecular docking study.	Translational cancer research	10.21037/tcr-24-1019	Journal Article	exclude	title_prefixed_formula_variant | alias:Siwu Decoction	manual_review	computational_only_possible	AKT1 | ESR1 | HSP90AA1 | MAPK14 | RELA | TP53	AKT1:U | ESR1:U | HSP90AA1:U | MAPK14:U | RELA:U | TP53:U	AKT1: PPI analysis identified eight core targets: MYC, TNF, MAPK14, AKT1, ESR1, RELA, TP53, and HSP90AA1; KEGG enrichment analysis implicated signaling pathways such as PI3K-Akt, NF-κB, and HIF-1, etc. || ESR1: PPI analysis identified eight core targets: MYC, TNF, MAPK14, AKT1, ESR1, RELA, TP53, and HSP90AA1; KEGG enrichment analysis implicated signaling pathways such as PI3K-Akt, NF-κB, and HIF-1, etc. || HSP90AA1: PPI analysis identified eight core targets: MYC, TNF, MAPK14, AKT1, ESR1, RELA, TP53, and HSP90AA1; KEGG enrichment analysis implicated signaling pathways such as PI3K-Akt, NF-κB, and HIF-1, etc. || MAPK14: PPI analysis identified eight core targets: MYC, TNF, MAPK14, AKT1, ESR1, RELA, TP53, and HSP90AA1; KEGG enrichment analysis implicated signaling pathways such as PI3K-Akt, NF-κB, and HIF-1, etc. || RELA: PPI analysis identified eight core targets: MYC, TNF, MAPK14, AKT1, ESR1, RELA, TP53, and HSP90AA1; KEGG enrichment analysis implicated signaling pathways such as PI3K-Akt, NF-κB, and HIF-1, etc. || TP53: PPI analysis identified eight core targets: MYC, TNF, MAPK14, AKT1, ESR1, RELA, TP53, and HSP90AA1; KEGG enrichment analysis implicated signaling pathways such as PI3K-Akt, NF-κB, and HIF-1, etc.										
四物汤	39219817	2024-08-27	2024	Unveiling the Mechanism of Liangxue Siwu Decoction in Treating Rosacea Through Network Pharmacology and in-vitro Experimental Validation.	Journal of inflammation research	10.2147/JIR.S471097	Journal Article	exclude	title_prefixed_formula_variant | alias:Siwu Decoction	candidate_experimental	biological_model | protein_assay | computational_component													
四物汤	39268469	2024-08-29	2024	Exploration of the mechanism of Taohong Siwu Decoction for the treatment of ischemic stroke based on CCL2/CCR2 axis.	Frontiers in pharmacology	10.3389/fphar.2024.1428572	Journal Article	exclude	title_prefixed_formula_variant | alias:Siwu Decoction	candidate_experimental	biological_model | protein_assay | transcript_assay | computational_component	CCL2 | CCR2 | TNF	CCL2:U | CCR2:U | TNF:U	CCL2: Exploration of the mechanism of Taohong Siwu Decoction for the treatment of ischemic stroke based on CCL2/CCR2 axis.. Taohong Siwu Decoction (THSWD) is a traditional Chinese herbal prescription that is effective for ischemic stroke, Whether THSWD regulates the CCL2/CCR2 axis and thus reduces the inflammatory response induced by ischemic stroke is not known. || CCR2: Exploration of the mechanism of Taohong Siwu Decoction for the treatment of ischemic stroke based on CCL2/CCR2 axis.. Taohong Siwu Decoction (THSWD) is a traditional Chinese herbal prescription that is effective for ischemic stroke, Whether THSWD regulates the CCL2/CCR2 axis and thus reduces the inflammatory response induced by ischemic stroke is not known. || TNF: Further, THSWD inhibited the infiltration and polarization of macrophages, reduced the expression of IL-6, TNF-α, and MMP-9, and increased the expression of IL-4, while reducing the gene and protein expression of CCL2 and CCR2.										
四物汤	39270591	2024-08-31	2024	Taohong Siwu decoction enhances the chemotherapeutic efficacy of doxorubicin by promoting tumor vascular normalization.	Phytomedicine : international journal of phytotherapy and phytopharmacology	10.1016/j.phymed.2024.155995	Journal Article	exclude	title_prefixed_formula_variant | alias:Siwu Decoction	candidate_experimental	biological_model	CD86	CD86:U	CD86: TSD also shifted the macrophage polarization from M2 to M1 phenotype in TME during the combination therapy, as evidenced by the reduced number of CD206+ macrophages and increased number of CD86+ macrophages.										
四物汤	39362331	2024-10-01	2024	Siwu tablet attenuates high fructose-induced glomerular podocyte senescence in rats through increasing Nup155 to promote INO80 mRNA nuclear export.	Journal of ethnopharmacology	10.1016/j.jep.2024.118878	Journal Article	manual_review	formula_alias_not_in_title	candidate_experimental	biological_model | protein_assay	H2AX | INO80 | TNF	H2AX:U | INO80:1 | TNF:U	H2AX: The results of animal experiments showed that SWT decreased the activity of SA-β-gal, protein levels of p16, p21, p53 and phosphorylated histone H2AX (γ-H2AX), and mRNA levels of interleukin-1β (IL-1β), IL-6 and tumor necrosis factor-α (TNF-α) in glomeruli of high fructose-fed rats. || INO80: Siwu tablet attenuates high fructose-induced glomerular podocyte senescence in rats through increasing Nup155 to promote INO80 mRNA nuclear export.. The mRNA and protein levels of nucleoporin 155 (Nup155) and inositol requiring mutant 80 (INO80) in rat glomeruli were detected by qRT-PCR, Western blot and immunofluorescence. || TNF: The results of animal experiments showed that SWT decreased the activity of SA-β-gal, protein levels of p16, p21, p53 and phosphorylated histone H2AX (γ-H2AX), and mRNA levels of interleukin-1β (IL-1β), IL-6 and tumor necrosis factor-α (TNF-α) in glomeruli of high fructose-fed rats.										
四物汤	39418732	2024-10-16	2024	Regulating NETs contributes to a novel antiatherogenic effect of MTHSWD via inhibiting endothelial injury and apoptosis.	International immunopharmacology	10.1016/j.intimp.2024.113368	Journal Article	manual_review	formula_alias_not_in_title	candidate_experimental	biological_model	BAX | MPO	BAX:U | MPO:U	BAX: Furthermore, it significantly reduced early and late apoptosis of HUVECs caused by NETs, decreased the expression of pro-apoptotic proteins BAX and Cleaved-Caspase-3, and increased the expression of anti-apoptotic protein Bcl-2. || MPO: It also significantly reduced vascular cell apoptosis, platelet aggregation, and the presence of inflammatory cells such as neutrophils (NEUs), as well as the expression of neutrocyte elastase (NE) and myeloperoxidase (MPO), which are components of NETs.										
四物汤	39442827	2024-10-21	2024	Unravelling pharmacological mechanisms and effects of Tianma Siwu Decoction-derived compounds on ischemic stroke by multidimensional network pharmacological analysis.	Journal of ethnopharmacology	10.1016/j.jep.2024.118979	Journal Article	exclude	title_prefixed_formula_variant | alias:Siwu Decoction	candidate_experimental	biological_model | computational_component	GAPDH | MAPK3	GAPDH:U | MAPK3:U	GAPDH: According to the results of molecular docking, gastrodin and baicalin exhibits strong binding affinity to GAPDH and MAPK3, respectively (≦-7 kcal/mol). || MAPK3: According to the results of molecular docking, gastrodin and baicalin exhibits strong binding affinity to GAPDH and MAPK3, respectively (≦-7 kcal/mol).										
四物汤	39467910	2024-10-28	2024	Illustrate the metabolic regulatory mechanism of Taohong Siwu decoction in ischemic stroke by mass spectrometry imaging.	Analytical and bioanalytical chemistry	10.1007/s00216-024-05591-4	Journal Article	exclude	title_prefixed_formula_variant | alias:Siwu Decoction	candidate_experimental	biological_model													
四物汤	39515108	2024-02-01	2024	Taohong siwu decoction suppresses oxidative stress-induced myocardial apoptosis post-myocardial infarction by inhibiting PTEN pathway.	Phytomedicine : international journal of phytotherapy and phytopharmacology	10.1016/j.phymed.2024.155388	Journal Article	exclude	title_prefixed_formula_variant | alias:Siwu Decoction	candidate_experimental	biological_model | perturbation | protein_assay	PTEN	PTEN:1	PTEN: Taohong siwu decoction suppresses oxidative stress-induced myocardial apoptosis post-myocardial infarction by inhibiting PTEN pathway.. Meanwhile, the protective potential of THSWD against myocardial apoptosis and oxidative stress, as well as modulation of phosphatase and tensin homolog (PTEN) pathway in MI were investigated through TUNEL staining, ROS analysis, immunohistochemistry (IHC), Western blot (WB) and oxidative stress-related biochemical enzyme assay, respectively.										
四物汤	39566864	2024-11-19	2024	Taohong siwu decoction ameliorates abnormal uterine bleeding via inhibiting ACSL4-mediated ferroptosis.	Journal of ethnopharmacology	10.1016/j.jep.2024.119130	Journal Article	exclude	title_prefixed_formula_variant | alias:Siwu Decoction	candidate_experimental	biological_model | perturbation | protein_assay | transcript_assay	ACSL4	ACSL4:U	ACSL4: Taohong siwu decoction ameliorates abnormal uterine bleeding via inhibiting ACSL4-mediated ferroptosis.. To investigate whether TSD could be effective in ameliorating AUB through inhibiting acyl-CoA synthetase long-chain family member 4 (ACSL4)-mediated ferroptosis.										
四物汤	39626448	2024-11-28	2024	Exploring the mechanism of Taohong Siwu Decoction in treating ischemic stroke injury via the circDnajc1/miR-27a-5p/C1qc signaling axis.	Phytomedicine : international journal of phytotherapy and phytopharmacology	10.1016/j.phymed.2024.156305	Journal Article	exclude	title_prefixed_formula_variant | alias:Siwu Decoction	candidate_experimental	biological_model | protein_assay | transcript_assay	C3 | CCL2 | IL10 | IL6 | TMEM119 | TNF	C3:1 | CCL2:1 | IL10:1 | IL6:1 | TMEM119:1 | TNF:1	C3: Reverse transcription-quantitative polymerase chain reaction (RT-qPCR), Western blot (WB), and immunofluorescence analyses (IF) were utilized to detect microglial activation markers TMEM119, CD11b, and Iba1, inflammatory mediators CCL2, CCL6, IL1, IL6, IL10, and TNF-α, as well as circDnajc1, miR-27a-5p, C1qc, C3, and C5aR. || CCL2: Reverse transcription-quantitative polymerase chain reaction (RT-qPCR), Western blot (WB), and immunofluorescence analyses (IF) were utilized to detect microglial activation markers TMEM119, CD11b, and Iba1, inflammatory mediators CCL2, CCL6, IL1, IL6, IL10, and TNF-α, as well as circDnajc1, miR-27a-5p, C1qc, C3, and C5aR. || IL10: Reverse transcription-quantitative polymerase chain reaction (RT-qPCR), Western blot (WB), and immunofluorescence analyses (IF) were utilized to detect microglial activation markers TMEM119, CD11b, and Iba1, inflammatory mediators CCL2, CCL6, IL1, IL6, IL10, and TNF-α, as well as circDnajc1, miR-27a-5p, C1qc, C3, and C5aR. || IL6: Reverse transcription-quantitative polymerase chain reaction (RT-qPCR), Western blot (WB), and immunofluorescence analyses (IF) were utilized to detect microglial activation markers TMEM119, CD11b, and Iba1, inflammatory mediators CCL2, CCL6, IL1, IL6, IL10, and TNF-α, as well as circDnajc1, miR-27a-5p, C1qc, C3, and C5aR. || TMEM119: Reverse transcription-quantitative polymerase chain reaction (RT-qPCR), Western blot (WB), and immunofluorescence analyses (IF) were utilized to detect microglial activation markers TMEM119, CD11b, and Iba1, inflammatory mediators CCL2, CCL6, IL1, IL6, IL10, and TNF-α, as well as circDnajc1, miR-27a-5p, C1qc, C3, and C5aR. || TNF: Reverse transcription-quantitative polymerase chain reaction (RT-qPCR), Western blot (WB), and immunofluorescence analyses (IF) were utilized to detect microglial activation markers TMEM119, CD11b, and Iba1, inflammatory mediators CCL2, CCL6, IL1, IL6, IL10, and TNF-α, as well as circDnajc1, miR-27a-5p, C1qc, C3, and C5aR.										
四物汤	39639367	2024-12-06	2024	Siwu decoction mitigates radiation-induced immune senescence by attenuating hematopoietic damage.	Chinese medicine	10.1186/s13020-024-01036-3	Journal Article	eligible	exact_title_alias:Siwu Decoction	candidate_experimental	biological_model | protein_assay | transcript_assay	JAK2 | STAT3	JAK2:U | STAT3:U	JAK2: In addition, SWD could reduce the content of Janus activated kinase (JAK) 1, JAK2 and signal transducer and activator of transcription 3 (STAT3) in BM and spleen. || STAT3: In addition, SWD could reduce the content of Janus activated kinase (JAK) 1, JAK2 and signal transducer and activator of transcription 3 (STAT3) in BM and spleen.										
四物汤	39680676	2025-06-09	2025	Exploring the molecular mechanism of Taohong Siwu decoction in the treatment of non-small-cell lung cancer based on network pharmacology and molecular docking.	The Journal of pharmacy and pharmacology	10.1093/jpp/rgae141	Journal Article	exclude	title_prefixed_formula_variant | alias:Siwu Decoction	candidate_experimental	biological_model | computational_component	EGFR | MAPK8	EGFR:U | MAPK8:U	EGFR: The results of molecular docking showed that populoside_qt with IL-6, baicalein with epidermal growth factor receptor (EGFR), and luteolin with MAPK8 had the strongest binding ability. || MAPK8: The results of molecular docking showed that populoside_qt with IL-6, baicalein with epidermal growth factor receptor (EGFR), and luteolin with MAPK8 had the strongest binding ability.										
四物汤	39781735	2025	2025	Modified Taohong Siwu Decoction Improved Cardiac Function after Myocardial Infarction by Activating PI3K/Akt Signaling Pathway.	Current pharmaceutical design	10.2174/0113816128341178241028062518	Journal Article	exclude	modified_or_combined_formula	candidate_experimental	biological_model | computational_component													
四物汤	39897525	2025-01-27	2025	Dose-Weighted Network Pharmacology: Evaluating Traditional Chinese Medicine Formulations for Lumbar Disc Herniation.	Journal of inflammation research	10.2147/JIR.S496124	Journal Article	manual_review	formula_alias_not_in_title	candidate_experimental	protein_assay | transcript_assay | computational_component													
四物汤	39954622	2025-02-09	2025	ErTao decoction alleviates liver fibrosis by suppressing STING-mediated macrophages and NLRP3 inflammasome activation.	Phytomedicine : international journal of phytotherapy and phytopharmacology	10.1016/j.phymed.2025.156489	Journal Article	manual_review	formula_alias_not_in_title	candidate_experimental	biological_model | perturbation | protein_assay	NLRP3	NLRP3:U	NLRP3: ErTao decoction alleviates liver fibrosis by suppressing STING-mediated macrophages and NLRP3 inflammasome activation.. In our in vivo and in vitro experiments, we found that ETD effectively reduced collagen fiber deposition and alleviated LF pathological changes by inhibiting macrophage inflammatory activation and suppressing NLRP3 and STING signaling.										
四物汤	40034562	2025-02-23	2025	Taohong Siwu Decoction Combined With the LncRNA H19/miR-675-5p Axis Repairs Limb Ischemia-Reperfusion Injury Through the Regulation of the Wnt3a/Ca	Mediators of inflammation	10.1155/mi/3096848	Journal Article	exclude	modified_or_combined_formula	candidate_experimental	biological_model | perturbation | protein_assay	CCK | TNF	CCK:1 | TNF:2	CCK: Various assessments, such as H&E staining, TUNEL staining, flow cytometry, cell counting kit-8 (CCK-8) assay, quantitative real-time polymerase chain reaction (qRT-PCR), western blot, immunohistochemistry (IHC) staining, enzyme-linked immunosorbent assay (ELISA), biochemical assay, and calcium fluorescence imaging, were conducted to observe skeletal muscle injury, cell apoptosis, skeletal myoblast proliferation, gene and protein expressions, cytokine levels, glucose (Glu) uptake, and Ca2+ concentration. || TNF: Furthermore, silencing of H19 inhibited cell apoptosis of skeletal muscle and reduced IL-1β, IL-6, and TNF-α levels in LIRI rats. Mechanistically, THSWT intervention combined with regulation of the H19/miR-675-5p axis promoted the proliferation of skeletal myoblasts damaged by IRI through the Wnt3a/Ca2+ signaling pathway, increasing the levels of intracellular Bcl2, while decreasing the levels of Ca2+, CaMKⅡ, PLC, PKC, cleaved-Caspase3, Bax, TNF-α, IL-1β, IL-6, Wnt3a, and β-catenin.										
四物汤	40414577	2025-05-23	2025	Taohong Siwu Decoction modulates glutathione metabolism to suppress hepatocyte ferroptosis and demonstrates anti-fibrotic effects in the liver.	Journal of ethnopharmacology	10.1016/j.jep.2025.120025	Journal Article	exclude	title_prefixed_formula_variant | alias:Siwu Decoction	candidate_experimental	biological_model | protein_assay | computational_component	GPX4 | GSTM1 | SLC7A11 | TFRC	GPX4:U | GSTM1:U | SLC7A11:U | TFRC:U	GPX4: Especially it reduced serum iron levels, increased total iron binding capacity, and up-regulated recombinant solute carrier family 7, member 11 (SLC7A11), nuclear factor erythroid 2-related factor 2 (Nrf2), and glutathione peroxidase 4 (GPX4) protein expression, suggesting the inhibition of hepatocyte ferroptosis. || GSTM1: Further validation in vivo and in vitro, THSW significantly improved the protein expression of glutathione S-transferase M1 (GSTM1), down-regulate the expression of transferrin receptor (TFRC), and kelch-like ECH-associated protein 1(Keap1) proteins, and promote the metabolism of GSH. || SLC7A11: Especially it reduced serum iron levels, increased total iron binding capacity, and up-regulated recombinant solute carrier family 7, member 11 (SLC7A11), nuclear factor erythroid 2-related factor 2 (Nrf2), and glutathione peroxidase 4 (GPX4) protein expression, suggesting the inhibition of hepatocyte ferroptosis. || TFRC: Further validation in vivo and in vitro, THSW significantly improved the protein expression of glutathione S-transferase M1 (GSTM1), down-regulate the expression of transferrin receptor (TFRC), and kelch-like ECH-associated protein 1(Keap1) proteins, and promote the metabolism of GSH. Mechanically, THSW may regulate the glutathione metabolic pathway and TFRC expression through its main ingredients, such as amygdalin, hydroxysafflor yellow A, paeoniflorin, and albiflorin, thereby inhibiting hepatocyte ferroptosis.										
四物汤	40461227	2025-04	2025	[Molecular mechanism of Siwu Decoction in treating premature ovarian insufficiency based on mitophagy pathway modulated and mediated by estrogen receptor subtype].	Zhongguo Zhong yao za zhi = Zhongguo zhongyao zazhi = China journal of Chinese materia medica	10.19540/j.cnki.cjcmm.20241125.401	English Abstract | Journal Article	eligible	exact_title_alias:Siwu Decoction	candidate_experimental	biological_model | perturbation | protein_assay	AMH | PINK1 | PTEN	AMH:1 | PINK1:2 | PTEN:2	AMH: The expression levels of anti-Müllerian hormone(AMH), apoptosis-associated and mitophagy-associated proteins, ER subtypes, and the expression levels of key proteins of its mediated molecular pathways were detected by Western blot and immunohistochemistry. The results of in vivo experiments showed that compared with the model group, the mice in the high-dose and low-dose groups of Siwu Decoction significantly recovered the rhythm of the estrous cycle, and the levels of ovarian index, number of primordial follicles, and expression of AMH, representative indexes of ovarian function, were signific || PINK1: The apoptosis model was induced by H_2O_2, and PTEN-induced putative kinase 1(PINK1) gene silencing was induced by siRNA transfection. The expression levels of PINK1, Parkin, and sequestosome 1(p62) were significantly reduced, suggesting that the level of ovarian mitophagy was significantly down-regulated. || PTEN: The apoptosis model was induced by H_2O_2, and PTEN-induced putative kinase 1(PINK1) gene silencing was induced by siRNA transfection.										
四物汤	40591156	2025-07-01	2025	Spatial regulation effects of Taohong Siwu decoction on disordered lipids in a rat model of ischemic stroke assessed using mass spectrometry imaging.	Analytical sciences : the international journal of the Japan Society for Analytical Chemistry	10.1007/s44211-025-00813-w	Journal Article	exclude	title_prefixed_formula_variant | alias:Siwu Decoction	candidate_experimental	biological_model													
四物汤	40653039	2025-07-11	2025	Regulation of NR4A1 by Taohong Siwu decoction inhibits endothelial cell apoptosis in cerebral Ischemia-Reperfusion injury.	Journal of ethnopharmacology	10.1016/j.jep.2025.120285	Journal Article	exclude	title_prefixed_formula_variant | alias:Siwu Decoction	candidate_experimental	biological_model | protein_assay | transcript_assay | computational_component	NR4A1	NR4A1:U	NR4A1: Regulation of NR4A1 by Taohong Siwu decoction inhibits endothelial cell apoptosis in cerebral Ischemia-Reperfusion injury.. This study investigated whether THSWD can protect ECs from cerebral IRI by regulating NR4A1 to mitigate mitochondrial fission and reduce cell apoptosis.										
四物汤	40661312	2025-06-30	2025	Non-targeted metabolomics and network pharmacology of Taohong Siwu Decoction in hepatic fibrosis mouse model using high resolution mass spectrometry.	Frontiers in molecular biosciences	10.3389/fmolb.2025.1614341	Journal Article	exclude	title_prefixed_formula_variant | alias:Siwu Decoction	candidate_experimental	biological_model | computational_component	BCL2 | ESR1 | JUN | PPARG | PTGS2	BCL2:U | ESR1:U | JUN:U | PPARG:U | PTGS2:U	BCL2: PPI analysis ranked JUN, PTGS2, BCL2, ESR1, and PPARG as the top five targets. || ESR1: PPI analysis ranked JUN, PTGS2, BCL2, ESR1, and PPARG as the top five targets. In vivo validation showed that THSW Decoction upregulated JUN and downregulated ESR1 expression in the liver. || JUN: PPI analysis ranked JUN, PTGS2, BCL2, ESR1, and PPARG as the top five targets. In vivo validation showed that THSW Decoction upregulated JUN and downregulated ESR1 expression in the liver. || PPARG: PPI analysis ranked JUN, PTGS2, BCL2, ESR1, and PPARG as the top five targets. Molecular docking and molecular dynamics simulations revealed that 3-hydroxy-4-methoxycinnamic acid binds stably to the core target PPARG, exhibiting a binding free energy of -93.68 kJ/mol. || PTGS2: PPI analysis ranked JUN, PTGS2, BCL2, ESR1, and PPARG as the top five targets.										
四物汤	40951885	2025-08-21	2025	Influence of Baoyuan decoction and Taohong Siwu decoction combined with Western medicine on serum lipid levels in elderly patients with coronary heart disease.	Journal of medical biochemistry	10.5937/jomb0-52017	Journal Article	exclude	modified_or_combined_formula	candidate_experimental	biological_model													
四物汤	40963918	2025-08-11	2025	Autophagy-driven lipid regulation by an herbal decoction alleviates cardiac lipotoxicity in severe acute pancreatitis.	Theranostics	10.7150/thno.117243	Journal Article	manual_review	formula_alias_not_in_title	candidate_experimental	biological_model | perturbation | protein_assay													
四物汤	41019540	2025-09-11	2025	Taohong Siwu Decoction alleviates high salt-induced calcium overload and ferroptosis in vascular endothelial cells in hypertension by regulating ATF4.	Frontiers in nutrition	10.3389/fnut.2025.1647017	Journal Article	exclude	title_prefixed_formula_variant | alias:Siwu Decoction	candidate_experimental	biological_model | perturbation	ACSL4 | ATF4 | CACNA1C | GPX4 | LPCAT3	ACSL4:U | ATF4:U | CACNA1C:U | GPX4:U | LPCAT3:U	ACSL4: This was accompanied by reduced expression of CaMK4, CACNA1C, IP3R, RyR2, GPX4, ACSL4, and LPCAT3. || ATF4: Taohong Siwu Decoction alleviates high salt-induced calcium overload and ferroptosis in vascular endothelial cells in hypertension by regulating ATF4.. ATF4+/- mice (KO) and C57BL/6 mice (WT) were fed a high-salt diet with or without THSWD treatment. || CACNA1C: This was accompanied by reduced expression of CaMK4, CACNA1C, IP3R, RyR2, GPX4, ACSL4, and LPCAT3. || GPX4: This was accompanied by reduced expression of CaMK4, CACNA1C, IP3R, RyR2, GPX4, ACSL4, and LPCAT3. || LPCAT3: This was accompanied by reduced expression of CaMK4, CACNA1C, IP3R, RyR2, GPX4, ACSL4, and LPCAT3.										
四物汤	41027741	2025-09-30	2025	Taohong Siwu Decoction relieves renal fibrosis: based on network pharmacology and experimental confirmation.	Renal failure	10.1080/0886022X.2025.2539948	Journal Article	exclude	title_prefixed_formula_variant | alias:Siwu Decoction	candidate_experimental	biological_model | computational_component													
四物汤	41029156	2025-09-26	2025	Machine learning reveals ferroptosis and therapeutic targets in rheumatoid arthritis.	Medicine	10.1097/MD.0000000000044384	Journal Article	manual_review	formula_alias_not_in_title	candidate_experimental	biological_model | perturbation | computational_component	ATF3 | CDKN1A | EGR1 | FTH1 | GPX4 | HSPB1 | KDM6B | NFE2L2 | NR4A1 | PTGS2 | RRM2 | SLC40A1 | TF | TFRC | ZFP36	ATF3:U | CDKN1A:2 | EGR1:U | FTH1:U | GPX4:U | HSPB1:U | KDM6B:U | NFE2L2:U | NR4A1:2 | PTGS2:U | RRM2:2 | SLC40A1:U | TF:U | TFRC:U | ZFP36:2	ATF3: Furthermore, we used ATF3, EGR1, and KDM6B as the ferroptosis activator genes. Lastly, using network pharmacology and vitro experiment, we discovered that kaempferol, a crucial part of THSWD, controlled ferroptosis to enhance RA through TFRC, ZFP36, PTGS, CDKN1A, and ATF3. || CDKN1A: Ferroptosis inhibitor genes included ZFP36, NR4A1, CDKN1A, ABRD4, and RRM2. Lastly, using network pharmacology and vitro experiment, we discovered that kaempferol, a crucial part of THSWD, controlled ferroptosis to enhance RA through TFRC, ZFP36, PTGS, CDKN1A, and ATF3. || EGR1: Furthermore, we used ATF3, EGR1, and KDM6B as the ferroptosis activator genes. || FTH1: Ferroptosis marker genes were found to be PTGS2, SLC40A1, TF, TFRC, FTH1, GPX4, HSPB1, and NFE2L2 in RA in microarray data analysis. || GPX4: Ferroptosis marker genes were found to be PTGS2, SLC40A1, TF, TFRC, FTH1, GPX4, HSPB1, and NFE2L2 in RA in microarray data analysis. || HSPB1: Ferroptosis marker genes were found to be PTGS2, SLC40A1, TF, TFRC, FTH1, GPX4, HSPB1, and NFE2L2 in RA in microarray data analysis. || KDM6B: Furthermore, we used ATF3, EGR1, and KDM6B as the ferroptosis activator genes. || NFE2L2: Ferroptosis marker genes were found to be PTGS2, SLC40A1, TF, TFRC, FTH1, GPX4, HSPB1, and NFE2L2 in RA in microarray data analysis. || NR4A1: Ferroptosis inhibitor genes included ZFP36, NR4A1, CDKN1A, ABRD4, and RRM2. || PTGS2: Ferroptosis marker genes were found to be PTGS2, SLC40A1, TF, TFRC, FTH1, GPX4, HSPB1, and NFE2L2 in RA in microarray data analysis. || RRM2: Ferroptosis inhibitor genes included ZFP36, NR4A1, CDKN1A, ABRD4, and RRM2. || SLC40A1: Ferroptosis marker genes were found to be PTGS2, SLC40A1, TF, TFRC, FTH1, GPX4, HSPB1, and NFE2L2 in RA in microarray data analysis. || TF: Ferroptosis marker genes were found to be PTGS2, SLC40A1, TF, TFRC, FTH1, GPX4, HSPB1, and NFE2L2 in RA in microarray data analysis. || TFRC: Ferroptosis marker genes were found to be PTGS2, SLC40A1, TF, TFRC, FTH1, GPX4, HSPB1, and NFE2L2 in RA in microarray data analysis. Lastly, using network pharmacology and vitro experiment, we discovered that kaempferol, a crucial part of THSWD, controlled ferroptosis to enhance RA through TFRC, ZFP36, PTGS, CDKN1A, and ATF3. || ZFP36: Ferroptosis inhibitor genes included ZFP36, NR4A1, CDKN1A, ABRD4, and RRM2. Lastly, using network pharmacology and vitro experiment, we discovered that kaempferol, a crucial part of THSWD, controlled ferroptosis to enhance RA through TFRC, ZFP36, PTGS, CDKN1A, and ATF3.										
四物汤	41265218	2025-11-19	2025	Taohong Siwu decoction alleviates cerebral ischemia-reperfusion injury by inhibiting the formation of NETs through STAT1/NLRP3/GSDMD pathway.	International immunopharmacology	10.1016/j.intimp.2025.115854	Journal Article	exclude	title_prefixed_formula_variant | alias:Siwu Decoction	candidate_experimental	biological_model | transcript_assay | computational_component	GSDMD | MPO | NLRP3 | STAT1 | TNF	GSDMD:U | MPO:U | NLRP3:U | STAT1:U | TNF:U	GSDMD: Taohong Siwu decoction alleviates cerebral ischemia-reperfusion injury by inhibiting the formation of NETs through STAT1/NLRP3/GSDMD pathway.. Subsequent mechanistic validation confirmed that THSWD suppressed the activation of the STAT1/NLRP3/GSDMD signaling axis in neutrophils. || MPO: Furthermore, THSWD downregulated the expression of pro-inflammatory cytokines (TNF-α, IL-6, IL-1β, IL-2, IL-5, IL-18, and TNF-β) and neutrophil infiltration while downregulating NETs markers Myeloperoxidase (MPO) and Citrullinated histone H3(CitH3) in serum and ischemic brain tissue. || NLRP3: Taohong Siwu decoction alleviates cerebral ischemia-reperfusion injury by inhibiting the formation of NETs through STAT1/NLRP3/GSDMD pathway.. Subsequent mechanistic validation confirmed that THSWD suppressed the activation of the STAT1/NLRP3/GSDMD signaling axis in neutrophils. || STAT1: Taohong Siwu decoction alleviates cerebral ischemia-reperfusion injury by inhibiting the formation of NETs through STAT1/NLRP3/GSDMD pathway.. KEGG enrichment revealed significant involvement of the NOD-like receptor signaling pathway, with bioinformatic analysis identifying STAT1 as a core hub gene. || TNF: Furthermore, THSWD downregulated the expression of pro-inflammatory cytokines (TNF-α, IL-6, IL-1β, IL-2, IL-5, IL-18, and TNF-β) and neutrophil infiltration while downregulating NETs markers Myeloperoxidase (MPO) and Citrullinated histone H3(CitH3) in serum and ischemic brain tissue.										
四物汤	41281278	2025-10-28	2025	Serum level of monocyte chemotactic protein 1, N-terminal brain natural peptide in patients with coronary heart disease after nutritional changes.	Journal of medical biochemistry	10.5937/jomb0-55845	Journal Article	manual_review	formula_alias_not_in_title	candidate_experimental	biological_model													
四物汤	41429385	2025-12-20	2025	The effect and mechanism of albiflorin in alleviating hepatic fibrosis by mediating hepatocyte ferroptosis via the SLC7A11/GPX4 signaling pathway.	Journal of ethnopharmacology	10.1016/j.jep.2025.121080	Journal Article	manual_review	formula_alias_not_in_title	candidate_experimental	biological_model | perturbation | protein_assay | computational_component	ALB | FTH1 | FTL | GPX4 | SLC7A11 | TFRC	ALB:U | FTH1:U | FTL:U | GPX4:U | SLC7A11:2 | TFRC:U	ALB: Albiflorin(ALB), a key bioactive compound extracted from the traditional Chinese herb Paeonia lactiflora Pall., is a prominent ingredient in classical remedies like Xiaoyao Powder and Taohong Siwu Decoction. This study sought to validate the molecular mechanism of ALB against liver fibrosis, integrating both in vivo and in vitro experiments with molecular docking and molecular dynamics simulations. || FTH1: Mechanistic studies indicated that ALB activated the SLC7A11/GPX4 signaling pathway, increasing the expression of SLC7A11, GPX4, Ferritin Heavy Chain 1 (FTH1), and Ferritin Light Chain (FTL), while decreasing Transferrin receptor protein 1 (TFRC) and Heme Oxygenase-1 (HO-1) levels, thus inhibiting ferroptosis. || FTL: Mechanistic studies indicated that ALB activated the SLC7A11/GPX4 signaling pathway, increasing the expression of SLC7A11, GPX4, Ferritin Heavy Chain 1 (FTH1), and Ferritin Light Chain (FTL), while decreasing Transferrin receptor protein 1 (TFRC) and Heme Oxygenase-1 (HO-1) levels, thus inhibiting ferroptosis. || GPX4: The effect and mechanism of albiflorin in alleviating hepatic fibrosis by mediating hepatocyte ferroptosis via the SLC7A11/GPX4 signaling pathway.. Molecular docking and molecular dynamics simulations were used to assess the structural binding characteristics of ALB with Glutathione Peroxidase 4 (GPX4). || SLC7A11: The effect and mechanism of albiflorin in alleviating hepatic fibrosis by mediating hepatocyte ferroptosis via the SLC7A11/GPX4 signaling pathway.. Furthermore, the GPX4 inhibitor RSL3 was utilized to evaluate the expression of solute carrier family 7 member 11 (SLC7A11)/GPX4, iron metabolism-related proteins, and the levels of intracellular Fe2+. || TFRC: Mechanistic studies indicated that ALB activated the SLC7A11/GPX4 signaling pathway, increasing the expression of SLC7A11, GPX4, Ferritin Heavy Chain 1 (FTH1), and Ferritin Light Chain (FTL), while decreasing Transferrin receptor protein 1 (TFRC) and Heme Oxygenase-1 (HO-1) levels, thus inhibiting ferroptosis.										
四物汤	41814706	2025-12	2025	[Mechanism of modified Taohong Siwu Decoction-containing serum in improving Th17/Treg balance via regulation of estradiol secretion of ovarian granulosa cells].	Zhongguo Zhong yao za zhi = Zhongguo zhongyao zazhi = China journal of Chinese materia medica	10.19540/j.cnki.cjcmm.20250815.501	English Abstract | Journal Article	exclude	modified_or_combined_formula	candidate_experimental	biological_model | perturbation | protein_assay | transcript_assay	CD4	CD4:1	CD4: The ratio of Th17/Treg cells in CD4~+ T cells was detected by flow cytometry. Additionally, it significantly decreased the positive rates of IL-17A~+ and RORγt~+ cells, IL-17 concentration, RORγt fluorescence intensity, and the Th17/Treg ratio in CD4~+ T cells, while significantly enhancing the positive rates of Foxp3~+ cells, IL-2 and IL-10 concentrations, the fluorescence intensity of Foxp3, and the protein and gene expression levels of ERα and ERβ(P&lt;0.05).										
八珍汤	37478218	2023-07-21	2023	Exploring the active components and mechanism of modified bazhen decoction in treatment of chronic cerebral circulation insufficiency based on network pharmacology and molecular docking.	Medicine	10.1097/MD.0000000000034341	Journal Article	exclude	modified_or_combined_formula	manual_review	computational_only_possible	AKT1 | AR | CASP3 | CCND1 | EGFR | ESR1 | FOS | IL6 | JUN | MAPK1 | MAPK14 | MYC | RELA | VEGFA	AKT1:U | AR:U | CASP3:U | CCND1:U | EGFR:U | ESR1:U | FOS:U | IL6:U | JUN:U | MAPK1:U | MAPK14:U | MYC:U | RELA:U | VEGFA:U	AKT1: The central core targets were IL6, MAPK14, signal transducer and activator of transcription 3, RELA, VEGFA, CCND1, CASP3, AR, FOS, JUN, EGFR, MAPK1, AKT1, MYC, and ESR1; gene ontology functional enrichment analysis yielded 911 gene ontology items (P < .01), while Kyoto Encyclopedia of Genes and Genomes pathway enrichment yielded 138 signal pathways (P < .01), primarily including oxidative reactions, vascular regulation, apoptosis, and PI3K-Akt signaling pathway. || AR: The central core targets were IL6, MAPK14, signal transducer and activator of transcription 3, RELA, VEGFA, CCND1, CASP3, AR, FOS, JUN, EGFR, MAPK1, AKT1, MYC, and ESR1; gene ontology functional enrichment analysis yielded 911 gene ontology items (P < .01), while Kyoto Encyclopedia of Genes and Genomes pathway enrichment yielded 138 signal pathways (P < .01), primarily including oxidative reactions, vascular regulation, apoptosis, and PI3K-Akt signaling pathway. || CASP3: The central core targets were IL6, MAPK14, signal transducer and activator of transcription 3, RELA, VEGFA, CCND1, CASP3, AR, FOS, JUN, EGFR, MAPK1, AKT1, MYC, and ESR1; gene ontology functional enrichment analysis yielded 911 gene ontology items (P < .01), while Kyoto Encyclopedia of Genes and Genomes pathway enrichment yielded 138 signal pathways (P < .01), primarily including oxidative reactions, vascular regulation, apoptosis, and PI3K-Akt signaling pathway. || CCND1: The central core targets were IL6, MAPK14, signal transducer and activator of transcription 3, RELA, VEGFA, CCND1, CASP3, AR, FOS, JUN, EGFR, MAPK1, AKT1, MYC, and ESR1; gene ontology functional enrichment analysis yielded 911 gene ontology items (P < .01), while Kyoto Encyclopedia of Genes and Genomes pathway enrichment yielded 138 signal pathways (P < .01), primarily including oxidative reactions, vascular regulation, apoptosis, and PI3K-Akt signaling pathway. || EGFR: The central core targets were IL6, MAPK14, signal transducer and activator of transcription 3, RELA, VEGFA, CCND1, CASP3, AR, FOS, JUN, EGFR, MAPK1, AKT1, MYC, and ESR1; gene ontology functional enrichment analysis yielded 911 gene ontology items (P < .01), while Kyoto Encyclopedia of Genes and Genomes pathway enrichment yielded 138 signal pathways (P < .01), primarily including oxidative reactions, vascular regulation, apoptosis, and PI3K-Akt signaling pathway. || ESR1: The central core targets were IL6, MAPK14, signal transducer and activator of transcription 3, RELA, VEGFA, CCND1, CASP3, AR, FOS, JUN, EGFR, MAPK1, AKT1, MYC, and ESR1; gene ontology functional enrichment analysis yielded 911 gene ontology items (P < .01), while Kyoto Encyclopedia of Genes and Genomes pathway enrichment yielded 138 signal pathways (P < .01), primarily including oxidative reactions, vascular regulation, apoptosis, and PI3K-Akt signaling pathway. || FOS: The central core targets were IL6, MAPK14, signal transducer and activator of transcription 3, RELA, VEGFA, CCND1, CASP3, AR, FOS, JUN, EGFR, MAPK1, AKT1, MYC, and ESR1; gene ontology functional enrichment analysis yielded 911 gene ontology items (P < .01), while Kyoto Encyclopedia of Genes and Genomes pathway enrichment yielded 138 signal pathways (P < .01), primarily including oxidative reactions, vascular regulation, apoptosis, and PI3K-Akt signaling pathway. || IL6: The central core targets were IL6, MAPK14, signal transducer and activator of transcription 3, RELA, VEGFA, CCND1, CASP3, AR, FOS, JUN, EGFR, MAPK1, AKT1, MYC, and ESR1; gene ontology functional enrichment analysis yielded 911 gene ontology items (P < .01), while Kyoto Encyclopedia of Genes and Genomes pathway enrichment yielded 138 signal pathways (P < .01), primarily including oxidative reactions, vascular regulation, apoptosis, and PI3K-Akt signaling pathway. || JUN: The central core targets were IL6, MAPK14, signal transducer and activator of transcription 3, RELA, VEGFA, CCND1, CASP3, AR, FOS, JUN, EGFR, MAPK1, AKT1, MYC, and ESR1; gene ontology functional enrichment analysis yielded 911 gene ontology items (P < .01), while Kyoto Encyclopedia of Genes and Genomes pathway enrichment yielded 138 signal pathways (P < .01), primarily including oxidative reactions, vascular regulation, apoptosis, and PI3K-Akt signaling pathway. || MAPK1: The central core targets were IL6, MAPK14, signal transducer and activator of transcription 3, RELA, VEGFA, CCND1, CASP3, AR, FOS, JUN, EGFR, MAPK1, AKT1, MYC, and ESR1; gene ontology functional enrichment analysis yielded 911 gene ontology items (P < .01), while Kyoto Encyclopedia of Genes and Genomes pathway enrichment yielded 138 signal pathways (P < .01), primarily including oxidative reactions, vascular regulation, apoptosis, and PI3K-Akt signaling pathway. || MAPK14: The central core targets were IL6, MAPK14, signal transducer and activator of transcription 3, RELA, VEGFA, CCND1, CASP3, AR, FOS, JUN, EGFR, MAPK1, AKT1, MYC, and ESR1; gene ontology functional enrichment analysis yielded 911 gene ontology items (P < .01), while Kyoto Encyclopedia of Genes and Genomes pathway enrichment yielded 138 signal pathways (P < .01), primarily including oxidative reactions, vascular regulation, apoptosis, and PI3K-Akt signaling pathway. || MYC: The central core targets were IL6, MAPK14, signal transducer and activator of transcription 3, RELA, VEGFA, CCND1, CASP3, AR, FOS, JUN, EGFR, MAPK1, AKT1, MYC, and ESR1; gene ontology functional enrichment analysis yielded 911 gene ontology items (P < .01), while Kyoto Encyclopedia of Genes and Genomes pathway enrichment yielded 138 signal pathways (P < .01), primarily including oxidative reactions, vascular regulation, apoptosis, and PI3K-Akt signaling pathway. || RELA: The central core targets were IL6, MAPK14, signal transducer and activator of transcription 3, RELA, VEGFA, CCND1, CASP3, AR, FOS, JUN, EGFR, MAPK1, AKT1, MYC, and ESR1; gene ontology functional enrichment analysis yielded 911 gene ontology items (P < .01), while Kyoto Encyclopedia of Genes and Genomes pathway enrichment yielded 138 signal pathways (P < .01), primarily including oxidative reactions, vascular regulation, apoptosis, and PI3K-Akt signaling pathway. || VEGFA: The central core targets were IL6, MAPK14, signal transducer and activator of transcription 3, RELA, VEGFA, CCND1, CASP3, AR, FOS, JUN, EGFR, MAPK1, AKT1, MYC, and ESR1; gene ontology functional enrichment analysis yielded 911 gene ontology items (P < .01), while Kyoto Encyclopedia of Genes and Genomes pathway enrichment yielded 138 signal pathways (P < .01), primarily including oxidative reactions, vascular regulation, apoptosis, and PI3K-Akt signaling pathway.										
八珍汤	37799727	2023-09-20	2023	Mechanism of Bazhen decoction in the treatment of colorectal cancer based on network pharmacology, molecular docking, and experimental validation.	Frontiers in immunology	10.3389/fimmu.2023.1235575	Journal Article | Research Support, Non-U.S. Gov't	eligible	exact_title_alias:Bazhen Decoction	candidate_experimental	biological_model | computational_component	AKT1 | CASP3 | CD4 | EGFR | ESR1 | INS | JUN | MYC | STAT3 | TP53	AKT1:U | CASP3:U | CD4:U | EGFR:U | ESR1:U | INS:U | JUN:U | MYC:U | STAT3:U | TP53:U	AKT1: Protein-protein interaction (PPI) analysis revealed that the core targets of BZD in treating CRC were AKT1, MYC, CASP3, ESR1, EGFR, HIF-1A, VEGFR, JUN, INS, and STAT3. || CASP3: Protein-protein interaction (PPI) analysis revealed that the core targets of BZD in treating CRC were AKT1, MYC, CASP3, ESR1, EGFR, HIF-1A, VEGFR, JUN, INS, and STAT3. Animal experiments have shown that BZD treatment can reverse abnormal expression of PI3K, AKT, MYC, EGFR, HIF-1A, VEGFR, JUN, STAT3, CASP3, and TP53 genes. || CD4: BZD also increases the ratio of CD4+ T cells to CD8+ T cells in the spleen and tumor tissues, boosting IFN-γ expression, essential for anti-tumor immunity. || EGFR: Protein-protein interaction (PPI) analysis revealed that the core targets of BZD in treating CRC were AKT1, MYC, CASP3, ESR1, EGFR, HIF-1A, VEGFR, JUN, INS, and STAT3. Animal experiments have shown that BZD treatment can reverse abnormal expression of PI3K, AKT, MYC, EGFR, HIF-1A, VEGFR, JUN, STAT3, CASP3, and TP53 genes. || ESR1: Protein-protein interaction (PPI) analysis revealed that the core targets of BZD in treating CRC were AKT1, MYC, CASP3, ESR1, EGFR, HIF-1A, VEGFR, JUN, INS, and STAT3. || INS: Protein-protein interaction (PPI) analysis revealed that the core targets of BZD in treating CRC were AKT1, MYC, CASP3, ESR1, EGFR, HIF-1A, VEGFR, JUN, INS, and STAT3. || JUN: Protein-protein interaction (PPI) analysis revealed that the core targets of BZD in treating CRC were AKT1, MYC, CASP3, ESR1, EGFR, HIF-1A, VEGFR, JUN, INS, and STAT3. Animal experiments have shown that BZD treatment can reverse abnormal expression of PI3K, AKT, MYC, EGFR, HIF-1A, VEGFR, JUN, STAT3, CASP3, and TP53 genes. || MYC: Protein-protein interaction (PPI) analysis revealed that the core targets of BZD in treating CRC were AKT1, MYC, CASP3, ESR1, EGFR, HIF-1A, VEGFR, JUN, INS, and STAT3. Animal experiments have shown that BZD treatment can reverse abnormal expression of PI3K, AKT, MYC, EGFR, HIF-1A, VEGFR, JUN, STAT3, CASP3, and TP53 genes. || STAT3: Protein-protein interaction (PPI) analysis revealed that the core targets of BZD in treating CRC were AKT1, MYC, CASP3, ESR1, EGFR, HIF-1A, VEGFR, JUN, INS, and STAT3. Animal experiments have shown that BZD treatment can reverse abnormal expression of PI3K, AKT, MYC, EGFR, HIF-1A, VEGFR, JUN, STAT3, CASP3, and TP53 genes. || TP53: Animal experiments have shown that BZD treatment can reverse abnormal expression of PI3K, AKT, MYC, EGFR, HIF-1A, VEGFR, JUN, STAT3, CASP3, and TP53 genes. BZD can reverse the abnormal expression of genes such as PI3K, AKT, MYC, EGFR, HIF-1A, VEGFR, JUN, STAT3, CASP3, and TP53, and suppresses the progression of colorectal cancer by regulating signaling pathways such as PI3K-AKT, P53, and VEGF.										
八珍汤	38163559	2023-12-30	2023	The function of Bazhen decoction in rescuing progeroid cell senescence via facilitating G-quadruplex resolving and telomere elongation.	Journal of ethnopharmacology	10.1016/j.jep.2023.117694	Journal Article	eligible	exact_title_alias:Bazhen Decoction	candidate_experimental	biological_model | protein_assay | transcript_assay													
八珍汤	39821540	2025-01	2025	Investigating the Role of Quercetin, an Active Ingredient in Bazhen Decoction, in Targeting CXCL8 to Inhibit Macrophage M2 Polarization and Reshape the Immunological Microenvironment of Colorectal Cancer.	Chemical biology & drug design	10.1111/cbdd.70047	Journal Article	eligible	exact_title_alias:Bazhen Decoction	candidate_experimental	binding_activity | biological_model | perturbation | protein_assay | computational_component	CXCL8	CXCL8:U	CXCL8: Investigating the Role of Quercetin, an Active Ingredient in Bazhen Decoction, in Targeting CXCL8 to Inhibit Macrophage M2 Polarization and Reshape the Immunological Microenvironment of Colorectal Cancer.. Molecular docking was executed to identify the active component targeting the key gene CXCL8, which led to the discovery of Quercetin.										
六味地黄丸	36624462	2023-01-09	2023	Study on the treatment of postmenopausal osteoporosis with quercetin in Liuwei Dihuang Pill based on network pharmacology.	Journal of orthopaedic surgery and research	10.1186/s13018-022-03470-1	Journal Article	eligible	exact_title_alias:Liuwei Dihuang pill	candidate_experimental	biological_model | protein_assay | computational_component	PPARD | TGFB1	PPARD:U | TGFB1:U	PPARD: In addition, quercetin notably abolished the FAC-induced upregulation of Bax, Caspase-3, FOS, JUN, TGFB1 and PPARD. || TGFB1: In addition, quercetin notably abolished the FAC-induced upregulation of Bax, Caspase-3, FOS, JUN, TGFB1 and PPARD.										
六味地黄丸	36744132	2023-01-19	2023	LDP alleviates TKI-induced proteinuria through reversing the expression of RelA in renal tissues.	Frontiers in medicine	10.3389/fmed.2023.1095344	Journal Article	manual_review	formula_alias_not_in_title	manual_review	no_abstract_assay_signal													
六味地黄丸	37171332	2023-05-12	2023	A network pharmacological-based study of the mechanism of Liuwei Dihuang pill in the treatment of chronic kidney disease.	Medicine	10.1097/MD.0000000000033727	Journal Article	eligible	exact_title_alias:Liuwei Dihuang pill	manual_review	computational_only_possible	AKT1 | ESR1 | MAPK1 | RELA | RXRA | TNF | TP53	AKT1:U | ESR1:U | MAPK1:U | RELA:U | RXRA:U | TNF:U | TP53:U	AKT1: In addition, JUN, AKT1, TP53, RELA, MAPK1, FOS, TNF, IL6, ESR1, and RXRA were identified as the main targets. || ESR1: In addition, JUN, AKT1, TP53, RELA, MAPK1, FOS, TNF, IL6, ESR1, and RXRA were identified as the main targets. || MAPK1: In addition, JUN, AKT1, TP53, RELA, MAPK1, FOS, TNF, IL6, ESR1, and RXRA were identified as the main targets. || RELA: In addition, JUN, AKT1, TP53, RELA, MAPK1, FOS, TNF, IL6, ESR1, and RXRA were identified as the main targets. || RXRA: In addition, JUN, AKT1, TP53, RELA, MAPK1, FOS, TNF, IL6, ESR1, and RXRA were identified as the main targets. || TNF: In addition, JUN, AKT1, TP53, RELA, MAPK1, FOS, TNF, IL6, ESR1, and RXRA were identified as the main targets. Kyoto encyclopedia of genes and genomes enrichment analysis showed that these targets were involved in the AGE-RAGE signaling pathway, IL-17 signaling pathway, TNF signaling pathway, and so on. || TP53: In addition, JUN, AKT1, TP53, RELA, MAPK1, FOS, TNF, IL6, ESR1, and RXRA were identified as the main targets.										
六味地黄丸	37416191	2023-06-28	2023	Retracted: Liuwei Dihuang Pill Attenuates Diabetic Nephropathy by Inhibiting Renal Fibrosis via TGF-	Computational and mathematical methods in medicine	10.1155/2023/9807184	Retraction Notice	exclude	publication_status_notice	manual_review	no_abstract_assay_signal													
六味地黄丸	37579922	2023-08-12	2023	Rehmannia glutinosa Libosch and Cornus officinalis Sieb herb couple ameliorates renal interstitial fibrosis in CKD rats by inhibiting the TGF-β1/MAPK signaling pathway.	Journal of ethnopharmacology	10.1016/j.jep.2023.117039	Journal Article	exclude	modified_or_combined_formula	candidate_experimental	biological_model | protein_assay | transcript_assay	TNF	TNF:U	TNF: The renal interstitial fibrosis led to impaired cellular functions with increased the levels of Blood Urea Nitrogen (BUN), Urine protein (UP), Interleukin-1β (IL-1β), Interleukin-6 (IL-6), and Tumor Necrosis Factor alpha (TNF-α). Meanwhile, RC reduced the classical pro-inflammatory cytokines IL-1β, IL-6, and TNF-α in adenine-induced CKD rats.										
六味地黄丸	37861542	2023-10-20	2023	Mechanism of Liuwei Dihuang Pills in treating osteoporosis based on network pharmacology.	Medicine	10.1097/MD.0000000000034773	Journal Article	manual_review	formula_alias_not_in_title	candidate_experimental	biological_model | computational_component	TNF	TNF:U	TNF: Specifically, it mainly involves TNF, IL17, and HIF-1 signaling pathways and helps regulate biological processes such as angiogenesis, apoptosis, hypoxia, and gene expression.										
六味地黄丸	37920210	2023-10-18	2023	The neuroprotective effects of Liuwei Dihuang medicine in the APP/PS1 mouse model are dependent on the PI3K/Akt signaling pathway.	Frontiers in pharmacology	10.3389/fphar.2023.1188893	Journal Article	manual_review	formula_alias_not_in_title	candidate_experimental	biological_model													
六味地黄丸	38112463	2023-12-19	2023	Liuwei Dihuang pills attenuate ovariectomy-induced bone loss by alleviating bone marrow mesenchymal stem cell (BMSC) senescence via the Yes-associated protein (YAP)-autophagy axis.	Pharmaceutical biology	10.1080/13880209.2023.2291675	Journal Article	manual_review	formula_alias_not_in_title	candidate_experimental	biological_model													
六味地黄丸	38350506	2024-02-11	2024	Mechanistic study of the anti-excitatory amino acid toxicity of Bushen Zhichan decoction for Parkinson's disease based on the transcriptional regulation of EAAT1 by YY1.	Journal of ethnopharmacology	10.1016/j.jep.2024.117857	Journal Article	manual_review	formula_alias_not_in_title	candidate_experimental	biological_model | perturbation | protein_assay | transcript_assay	TH | YY1	TH:1 | YY1:U	TH: Western blotting (WB) and real-time quantitative polymerase chain reaction (qPCR) were used to detect tyrosine hydroxylase (TH), dopamine transporters (DAT), EAAT1 and YY1 protein and mRNA. After the blockade of EAAT1, immunofluorescence (IF) assay was used to detect the TH protein in each group. || YY1: Mechanistic study of the anti-excitatory amino acid toxicity of Bushen Zhichan decoction for Parkinson's disease based on the transcriptional regulation of EAAT1 by YY1.. The toxicity of excitatory amino acids (EAA) may be attenuated by inhibiting the transcription factor Yin Yang 1 (YY1) and up-regulating the expression of excitatory amino acid transporter 1 (EAAT1).										
六味地黄丸	39470545	2024-10-25	2024	Bioinformatics and network pharmacology discover the molecular mechanism of Liuwei Dihuang pills in treating cerebral palsy.	Medicine	10.1097/MD.0000000000040166	Journal Article	manual_review	formula_alias_not_in_title	manual_review	computational_only_possible	AR | BCL2L1 | CP | CXCL8 | EGF | MMP1 | MMP9 | PTGS2 | SPP1	AR:U | BCL2L1:U | CP:U | CXCL8:U | EGF:U | MMP1:U | MMP9:U | PTGS2:U | SPP1:U	AR: Through enrichment analysis, it was found that the hub genes for LWDHP treatment of CP are CXCL8, MMP9, EGF, PTGS2, SPP1, BCL2L1, MMP1, and AR. || BCL2L1: Through enrichment analysis, it was found that the hub genes for LWDHP treatment of CP are CXCL8, MMP9, EGF, PTGS2, SPP1, BCL2L1, MMP1, and AR. || CP: A collection of chronic central motor, postural, and activity restriction symptoms are referred to as cerebral palsy (CP). Previous research suggests that a number of perinatal variables, including hypoxia, may be linked to CP. || CXCL8: Through enrichment analysis, it was found that the hub genes for LWDHP treatment of CP are CXCL8, MMP9, EGF, PTGS2, SPP1, BCL2L1, MMP1, and AR. || EGF: Through enrichment analysis, it was found that the hub genes for LWDHP treatment of CP are CXCL8, MMP9, EGF, PTGS2, SPP1, BCL2L1, MMP1, and AR. || MMP1: Through enrichment analysis, it was found that the hub genes for LWDHP treatment of CP are CXCL8, MMP9, EGF, PTGS2, SPP1, BCL2L1, MMP1, and AR. || MMP9: Through enrichment analysis, it was found that the hub genes for LWDHP treatment of CP are CXCL8, MMP9, EGF, PTGS2, SPP1, BCL2L1, MMP1, and AR. || PTGS2: Through enrichment analysis, it was found that the hub genes for LWDHP treatment of CP are CXCL8, MMP9, EGF, PTGS2, SPP1, BCL2L1, MMP1, and AR. || SPP1: Through enrichment analysis, it was found that the hub genes for LWDHP treatment of CP are CXCL8, MMP9, EGF, PTGS2, SPP1, BCL2L1, MMP1, and AR.										
六味地黄丸	40388786	2025-05-16	2025	Exploration of Liuwei Dihuang Pill on periodontitis based on network pharmacology and molecular docking.	Medicine	10.1097/MD.0000000000042466	Journal Article	eligible	exact_title_alias:Liuwei Dihuang pill	manual_review	computational_only_possible	AKT1 | TNF	AKT1:U | TNF:U	AKT1: Thirty-four core targets were obtained by protein-protein interaction network topology analysis, among which the key targets with the top 5 values of degree were tumor necrosis factor (TNF), serine/threonine protein kinase AKT1, sarcoma, epidermal growth factor receptor, and matrix metallopeptidase 9. TNF, serine/threonine protein kinase AKT1, sarcoma, epidermal growth factor receptor, and matrix metallopeptidase 9 are the key targets and the TNF signaling pathway, the PI3K-Akt signaling pathway are the key pathways. || TNF: Thirty-four core targets were obtained by protein-protein interaction network topology analysis, among which the key targets with the top 5 values of degree were tumor necrosis factor (TNF), serine/threonine protein kinase AKT1, sarcoma, epidermal growth factor receptor, and matrix metallopeptidase 9. Analysis of the Kyoto encyclopedia of genes and genomes signaling pathway showed that the TNF signaling pathway, the PI3K-Akt signaling pathway, and so on are important signaling pathways.										
六味地黄丸	40457356	2025-06-02	2025	Mechanism study on the regulation of autophagy and oxidative stress through SIRT1/PI3K/AKT pathway by Liuwei Dihuang pill to improve ovarian function.	Journal of ovarian research	10.1186/s13048-025-01689-0	Journal Article	eligible	exact_title_alias:Liuwei Dihuang pill	candidate_experimental	biological_model | protein_assay	AMH | SIRT1	AMH:1 | SIRT1:U	AMH: Serum concentrations of hormones including AMH, E2 and FSH, alongside oxidative stress-related biomarkers such as SOD, GSH-Px and MDA, were measured using ELISA. || SIRT1: Mechanism study on the regulation of autophagy and oxidative stress through SIRT1/PI3K/AKT pathway by Liuwei Dihuang pill to improve ovarian function.. In addition, the expression levels of SIRT1 and PI3K/AKT signaling pathway related proteins in the LWDH treatment group were significantly higher than those in the CTX group, suggesting that LWDH may exert its protective effect by activating the SIRT1/PI3K/AKT signaling pathway.										
逍遥散	36762105	2023-01-24	2023	Exploring the molecular mechanism of Gan Shuang granules for the treatment of non-alcoholic steatohepatitis using network pharmacology, molecular docking, and experimental verification.	Frontiers in pharmacology	10.3389/fphar.2023.1082451	Journal Article	manual_review	formula_alias_not_in_title	candidate_experimental	biological_model | protein_assay | computational_component	AKT1 | CASP8 | CASP9	AKT1:U | CASP8:U | CASP9:U	AKT1: By integrating the results of network pharmacology analysis, the core objectives of this study mainly include AKT1, CASP9, TNF, and CASP8. The molecular docking results indicated key binding activity between AKT1-fisetin, AKT1-Resveratrol, and CASP8-fisetin. || CASP8: By integrating the results of network pharmacology analysis, the core objectives of this study mainly include AKT1, CASP9, TNF, and CASP8. The molecular docking results indicated key binding activity between AKT1-fisetin, AKT1-Resveratrol, and CASP8-fisetin. || CASP9: By integrating the results of network pharmacology analysis, the core objectives of this study mainly include AKT1, CASP9, TNF, and CASP8.										
逍遥散	36914210	2023-04-03	2023	The pharmacological mechanism of Xiaoyaosan polysaccharide reveals improvement of CUMS-induced depression-like behavior by carbon source-triggered butyrate-producing bacteria.	Journal of applied microbiology	10.1093/jambio/lxad052	Journal Article	eligible	exact_title_alias:Xiaoyaosan	candidate_experimental	biological_model													
逍遥散	37046230	2023-04-12	2023	Xiaoyaosan ameliorates depressive-like behavior and susceptibility to glucose intolerance in rat: involvement of LepR-STAT3/PI3K pathway in hypothalamic arcuate nucleus.	BMC complementary medicine and therapies	10.1186/s12906-023-03942-9	Journal Article	eligible	exact_title_alias:Xiaoyaosan	candidate_experimental	biological_model	AGRP | ARC | JAK2 | NPY | POMC | STAT3	AGRP:U | ARC:U | JAK2:U | NPY:U | POMC:U | STAT3:U	AGRP: Additionally, XYS increased AGRP and NPY expression but inhibited POMC in the ARC. || ARC: Accumulating evidence has demonstrated that arcuate nucleus (ARC) of the hypothalamus is likely responsible for the close association between chronic stress, depression, and diabetes. Leptin receptor (LepR) regulates energy expenditure and depression by mediating the action of leptin on the ARC. || JAK2: Peripheral leptin and its central receptor were also suppressed by XYS, accompanied by the downregulation of JAK2/STAT3 and PI3K/AKT pathway in the ARC. || NPY: Additionally, XYS increased AGRP and NPY expression but inhibited POMC in the ARC. || POMC: Additionally, XYS increased AGRP and NPY expression but inhibited POMC in the ARC. || STAT3: Xiaoyaosan ameliorates depressive-like behavior and susceptibility to glucose intolerance in rat: involvement of LepR-STAT3/PI3K pathway in hypothalamic arcuate nucleus.. Therefore, we hypothesized that XYS may regulate depressive-like behavior and glucose intolerance via the leptin and its cascade LepR-STAT3/PI3K pathway in the ARC.										
逍遥散	37125190	2023-04-14	2023	Antidepressants amitriptyline, fluoxetine, and traditional Chinese medicine Xiaoyaosan caused alterations in gut DNA virome composition and function in rats exposed chronic unpredictable mild stress.	Frontiers in microbiology	10.3389/fmicb.2023.1132403	Journal Article	exclude	title_prefixed_formula_variant | alias:Xiaoyaosan	candidate_experimental	biological_model													
逍遥散	37263314	2023-05-30	2023	Modified Xiaoyao San reverses lipopolysaccharide-induced depression-like behavior through suppressing microglia M1 polarization via enhancing autophagy involved in PI3K/Akt/mTOR pathway in mice.	Journal of ethnopharmacology	10.1016/j.jep.2023.116659	Journal Article	exclude	modified_or_combined_formula	candidate_experimental	biological_model | perturbation | protein_assay													
逍遥散	37322430	2023-06-15	2023	A whole transcriptome profiling analysis for antidepressant mechanism of Xiaoyaosan mediated synapse loss via BDNF/trkB/PI3K signal axis in CUMS rats.	BMC complementary medicine and therapies	10.1186/s12906-023-04000-0	Journal Article	eligible	exact_title_alias:Xiaoyaosan	candidate_experimental	biological_model | protein_assay | transcript_assay	BDNF | CA1 | CA3 | MAP2 | PSD	BDNF:1 | CA1:U | CA3:U | MAP2:1 | PSD:1	BDNF: A whole transcriptome profiling analysis for antidepressant mechanism of Xiaoyaosan mediated synapse loss via BDNF/trkB/PI3K signal axis in CUMS rats.. BDNF, TrkB, p-TrkB, PI3K, Akt, p-Akt were measured by Western Blotting. || CA1: Then, vivo experiments indicated that XYS could promote length, density, intersections of synapses and also increase the expression of MAP2 in hippocampal CA1, CA3 regions. Meanwhile, XYS could increase the expression of PSD-95, SYN in the CA1, CA3 regions of hippocampal by regulating the BDNF/trkB/PI3K signal axis. || CA3: Then, vivo experiments indicated that XYS could promote length, density, intersections of synapses and also increase the expression of MAP2 in hippocampal CA1, CA3 regions. Meanwhile, XYS could increase the expression of PSD-95, SYN in the CA1, CA3 regions of hippocampal by regulating the BDNF/trkB/PI3K signal axis. || MAP2: MAP2, PSD-95, SYN were detected by immunofluorescence respectively. Then, vivo experiments indicated that XYS could promote length, density, intersections of synapses and also increase the expression of MAP2 in hippocampal CA1, CA3 regions. || PSD: MAP2, PSD-95, SYN were detected by immunofluorescence respectively. Meanwhile, XYS could increase the expression of PSD-95, SYN in the CA1, CA3 regions of hippocampal by regulating the BDNF/trkB/PI3K signal axis.										
逍遥散	37440274	2023-07-13	2023	Mechanism of Xiaoyao San in treating non-alcoholic fatty liver disease with liver depression and spleen deficiency: based on bioinformatics, metabolomics and	Journal of biomolecular structure & dynamics	10.1080/07391102.2023.2231544	Journal Article | Research Support, Non-U.S. Gov't	eligible	exact_title_alias:Xiaoyao San	candidate_experimental	biological_model | computational_component	PPARG | PTGS2	PPARG:U | PTGS2:U	PPARG: Systems biology found that PTGS2 and PPARG were the core targets; Quercetin, kaempferol, naringenin, beta-sitosterol and stigmasterol were the core active components; AA, cAMP were the core metabolites. Animal experiments showed that XYS could improve liver histopathology, increase 5HT and NA, decrease INS and FBG, improve blood lipids and liver function, decrease AA, increase cAMP, down-regulate PTGS2, up-regulate PPARG, and decrease PGE2 and 15d-PGJ2. || PTGS2: Systems biology found that PTGS2 and PPARG were the core targets; Quercetin, kaempferol, naringenin, beta-sitosterol and stigmasterol were the core active components; AA, cAMP were the core metabolites. Animal experiments showed that XYS could improve liver histopathology, increase 5HT and NA, decrease INS and FBG, improve blood lipids and liver function, decrease AA, increase cAMP, down-regulate PTGS2, up-regulate PPARG, and decrease PGE2 and 15d-PGJ2.										
逍遥散	37476639	2023-07-12	2023	Retracted: The Mechanism of Xiaoyao San in the Treatment of Ovarian Cancer by Network Pharmacology and the Effect of Stigmasterol on the PI3K/Akt Pathway.	Disease markers	10.1155/2023/9791279	Retraction Notice	exclude	publication_status_notice	manual_review	computational_only_possible													
逍遥散	37495029	2023-07-24	2023	Xiaoyaosan ameliorates CUMS-induced depressive-like and anorexia behaviors in mice via necroptosis related cellular senescence in hypothalamus.	Journal of ethnopharmacology	10.1016/j.jep.2023.116938	Journal Article	eligible	exact_title_alias:Xiaoyaosan	candidate_experimental	biological_model | computational_component	ABL1 | MLKL | RIPK1 | RIPK3 | SIRT1	ABL1:U | MLKL:U | RIPK1:U | RIPK3:U | SIRT1:U	ABL1: Molecular docking of the key indicators of cellular senescence screened by bioinformatics, SIRT1, ABL1, and MYC, revealed that the key component regulating SIRT1 is 2-[3,4-dihydroxyphenyl]-5,7-dihydroxy-6-[3-methylbut-2-enyl]chromone in licorice root, Glabridin in licorice root regulates ABL1, and β-sitosterol found in Chinese angelica, debark peony root, and fresh ginger regulates MYC. The regulatory effects of Xiaoyaosan on key substances RIPK1, RIPK3, MLKL, and p-MLKL were determined, while regulating effects on SIRT1, ABL1, and MYC were also observed. || MLKL: The regulatory effects of Xiaoyaosan on key substances RIPK1, RIPK3, MLKL, and p-MLKL were determined, while regulating effects on SIRT1, ABL1, and MYC were also observed. || RIPK1: The regulatory effects of Xiaoyaosan on key substances RIPK1, RIPK3, MLKL, and p-MLKL were determined, while regulating effects on SIRT1, ABL1, and MYC were also observed. || RIPK3: The regulatory effects of Xiaoyaosan on key substances RIPK1, RIPK3, MLKL, and p-MLKL were determined, while regulating effects on SIRT1, ABL1, and MYC were also observed. || SIRT1: Molecular docking of the key indicators of cellular senescence screened by bioinformatics, SIRT1, ABL1, and MYC, revealed that the key component regulating SIRT1 is 2-[3,4-dihydroxyphenyl]-5,7-dihydroxy-6-[3-methylbut-2-enyl]chromone in licorice root, Glabridin in licorice root regulates ABL1, and β-sitosterol found in Chinese angelica, debark peony root, and fresh ginger regulates MYC. The regulatory effects of Xiaoyaosan on key substances RIPK1, RIPK3, MLKL, and p-MLKL were determined, while regulating effects on SIRT1, ABL1, and MYC were also observed.										
逍遥散	37632305	2023-08-26	2023	The pharmacological actions of Danzhi-xiaoyao-San on depression involve lysophosphatidic acid and microbiota-gut-brain axis: novel insights from a systems pharmacology analysis of a double-blind, randomized, placebo-controlled clinical trial.	Journal of biomolecular structure & dynamics	10.1080/07391102.2023.2251067	Journal Article | Randomized Controlled Trial | Research Support, Non-U.S. Gov't	exclude	formula_alias_not_relocated	candidate_experimental	biological_model | computational_component	AVPR2 | CDK6 | EGFR	AVPR2:U | CDK6:U | EGFR:U	AVPR2: The active ingredients quercetin and luteolin were docked to targets (AVPR2, EGFR, F2, and CDK6) associated with the enriched pathways 'pancreatic cancer' and 'phospholipase D signaling pathway', which included the metabolite lysophosphatidic acid [LPA(0:0/16:0)]. || CDK6: The active ingredients quercetin and luteolin were docked to targets (AVPR2, EGFR, F2, and CDK6) associated with the enriched pathways 'pancreatic cancer' and 'phospholipase D signaling pathway', which included the metabolite lysophosphatidic acid [LPA(0:0/16:0)]. || EGFR: The active ingredients quercetin and luteolin were docked to targets (AVPR2, EGFR, F2, and CDK6) associated with the enriched pathways 'pancreatic cancer' and 'phospholipase D signaling pathway', which included the metabolite lysophosphatidic acid [LPA(0:0/16:0)].										
逍遥散	37747031	2023-09-22	2023	Molecular basis of breast cancer with comorbid depression and the mechanistic insights of Xiaoyaosan in treating breast cancer-associated depression.	Medicine	10.1097/MD.0000000000035157	Journal Article	eligible	exact_title_alias:Xiaoyaosan	candidate_experimental	biological_model | protein_assay | computational_component	MMP9	MMP9:1	MMP9: The impact of XYS on the gene and protein expression of matrix metallopeptidase 9 (MMP9) in microglial cells was assessed using RT-quantitative PCR and western blot analysis, respectively. Molecular docking was also performed to assess the binding affinity between key targets and active compounds, with puerarin showing the strongest affinity for MMP9.										
逍遥散	37844745	2023-10-14	2023	Saikosaponin a activates tet1/dll3/notch1 signalling and promotes hippocampal neurogenesis to improve depression-like behavior in mice.	Journal of ethnopharmacology	10.1016/j.jep.2023.117289	Journal Article	manual_review	formula_alias_not_in_title	candidate_experimental	biological_model | perturbation | protein_assay | computational_component	BDNF | DLL3	BDNF:U | DLL3:U	BDNF: SSa dramatically reduced depressed symptoms, boosted the expression of Tet1, Notch, DLL3, and BDNF, encouraged hippocampus development, and enhanced the dendritic spine density of hippocampal neurons. || DLL3: SSa dramatically reduced depressed symptoms, boosted the expression of Tet1, Notch, DLL3, and BDNF, encouraged hippocampus development, and enhanced the dendritic spine density of hippocampal neurons. Therefore, our results suggest that SSa significantly activates the Tet1/Notch/DLL3 signaling pathways and promotes hippocampal neurogenesis to exert antidepressant effects in the CSDS mouse model in vivo.										
逍遥散	37906393	2023-10-31	2023	Combining network pharmacology and experimental verification to reveal the mechanism of Chaigui granules in the treatment of depression through PI3K/Akt/mTOR signaling pathways.	Metabolic brain disease	10.1007/s11011-023-01312-5	Journal Article | Research Support, Non-U.S. Gov't	manual_review	formula_alias_not_in_title	candidate_experimental	biological_model | protein_assay | computational_component													
逍遥散	37997375	2023-12-25	2023	Restraint stress promotes nonalcoholic steatohepatitis by regulating the farnesoid X receptor/NLRP3 signaling pathway.	Acta biochimica et biophysica Sinica	10.3724/abbs.2023240	Journal Article	manual_review	formula_alias_not_in_title	candidate_experimental	biological_model	NLRP3	NLRP3:U	NLRP3: Restraint stress promotes nonalcoholic steatohepatitis by regulating the farnesoid X receptor/NLRP3 signaling pathway.. The mice are administrated with Xiaoyaosan granules, NOD-like receptor family pyrin domain containing 3 (NLRP3) inhibitors, farnesoid X receptor (FXR) agonists, or macrophage scavengers.										
逍遥散	38004472	2023-11-14	2023	Integrating Metabolomics and Network Pharmacology to Explore the Mechanism of Xiao-Yao-San in the Treatment of Inflammatory Response in CUMS Mice.	Pharmaceuticals (Basel, Switzerland)	10.3390/ph16111607	Journal Article	exclude	formula_alias_not_relocated	candidate_experimental	biological_model | protein_assay | transcript_assay | computational_component	PPARG | VEGFA	PPARG:U | VEGFA:U	PPARG: Furthermore, integrating the predictions from network pharmacology and the findings from metabolomic analysis, Vascular Endothelial Growth Factor A (VEGFA) and Peroxisome Proliferator-Activated Receptor-γ (PPARG) were identified as the core targets. || VEGFA: Furthermore, integrating the predictions from network pharmacology and the findings from metabolomic analysis, Vascular Endothelial Growth Factor A (VEGFA) and Peroxisome Proliferator-Activated Receptor-γ (PPARG) were identified as the core targets.										
逍遥散	38232859	2024-01-15	2024	The effects and mechanisms of modified Xiaoyaosan on chronic unpredictable mild stress (CUMS)-induced depressive mice based on network pharmacology.	Journal of ethnopharmacology	10.1016/j.jep.2024.117754	Journal Article	exclude	modified_or_combined_formula	candidate_experimental	biological_model | perturbation | protein_assay | transcript_assay | computational_component	AKT1 | CTNNB1 | HRAS | MAPK1 | MAPK3 | PIK3R1 | SQSTM1 | SRC	AKT1:U | CTNNB1:U | HRAS:U | MAPK1:U | MAPK3:U | PIK3R1:U | SQSTM1:U | SRC:U	AKT1: The network pharmacology analysis revealed that mitogen-activated protein kinase 1 (MAPK1), MAPK3, serine/threonine-protein kinase (AKT1), proto-oncogene tyrosine-protein kinase (SRC), PI 3 kinase p85 alpha (PIK3R1), catenin (cadherin-associated protein) beta 1 (CTNNB1) and human thrombin activator 1 (HRAS) may be of importance to treat depression by MXYS. || CTNNB1: The network pharmacology analysis revealed that mitogen-activated protein kinase 1 (MAPK1), MAPK3, serine/threonine-protein kinase (AKT1), proto-oncogene tyrosine-protein kinase (SRC), PI 3 kinase p85 alpha (PIK3R1), catenin (cadherin-associated protein) beta 1 (CTNNB1) and human thrombin activator 1 (HRAS) may be of importance to treat depression by MXYS. || HRAS: The network pharmacology analysis revealed that mitogen-activated protein kinase 1 (MAPK1), MAPK3, serine/threonine-protein kinase (AKT1), proto-oncogene tyrosine-protein kinase (SRC), PI 3 kinase p85 alpha (PIK3R1), catenin (cadherin-associated protein) beta 1 (CTNNB1) and human thrombin activator 1 (HRAS) may be of importance to treat depression by MXYS. || MAPK1: The network pharmacology analysis revealed that mitogen-activated protein kinase 1 (MAPK1), MAPK3, serine/threonine-protein kinase (AKT1), proto-oncogene tyrosine-protein kinase (SRC), PI 3 kinase p85 alpha (PIK3R1), catenin (cadherin-associated protein) beta 1 (CTNNB1) and human thrombin activator 1 (HRAS) may be of importance to treat depression by MXYS. || MAPK3: The network pharmacology analysis revealed that mitogen-activated protein kinase 1 (MAPK1), MAPK3, serine/threonine-protein kinase (AKT1), proto-oncogene tyrosine-protein kinase (SRC), PI 3 kinase p85 alpha (PIK3R1), catenin (cadherin-associated protein) beta 1 (CTNNB1) and human thrombin activator 1 (HRAS) may be of importance to treat depression by MXYS. || PIK3R1: The network pharmacology analysis revealed that mitogen-activated protein kinase 1 (MAPK1), MAPK3, serine/threonine-protein kinase (AKT1), proto-oncogene tyrosine-protein kinase (SRC), PI 3 kinase p85 alpha (PIK3R1), catenin (cadherin-associated protein) beta 1 (CTNNB1) and human thrombin activator 1 (HRAS) may be of importance to treat depression by MXYS. || SQSTM1: It can stimulate autophagosome formation, activate the expression of microtubule-associated protein 1 light chain 3 (LC3B), autophagy-related gene 5 (Atg5), Atg7 and neuron-specific nuclear protein (NeuN), and decrease the protein expression sequestosome 1 (SQSTM1/p62). || SRC: The network pharmacology analysis revealed that mitogen-activated protein kinase 1 (MAPK1), MAPK3, serine/threonine-protein kinase (AKT1), proto-oncogene tyrosine-protein kinase (SRC), PI 3 kinase p85 alpha (PIK3R1), catenin (cadherin-associated protein) beta 1 (CTNNB1) and human thrombin activator 1 (HRAS) may be of importance to treat depression by MXYS.										
逍遥散	38367929	2024-02-16	2024	Xiaoyaosan promotes neurotransmitter transmission and alleviates CUMS-induced depression by regulating the expression of Oct1 and Oct3 in astrocytes of the prefrontal cortex.	Journal of ethnopharmacology	10.1016/j.jep.2024.117923	Journal Article	eligible	exact_title_alias:Xiaoyaosan	candidate_experimental	biological_model | perturbation | protein_assay													
逍遥散	38375048	2023-12-01	2023	Effects of Xiaoyao San on exercise capacity and liver mitochondrial metabolomics in rat depression model.	Chinese herbal medicines	10.1016/j.chmed.2023.09.004	Journal Article	eligible	exact_title_alias:Xiaoyao San	candidate_experimental	biological_model | computational_component													
逍遥散	38451006	2024-03-27	2024	Stable Isotope Tracer Technique and Network Pharmacology to Reveal Antidepressant Targets and Active Components of Xiaoyao San.	Chemistry & biodiversity	10.1002/cbdv.202301736	Journal Article	eligible	exact_title_alias:Xiaoyao San	candidate_experimental	biological_model | computational_component													
逍遥散	38517996	2024-03-22	2024	Mechanisms underlying the therapeutic effects of Xiaoyaosan in treating hyperplasia of mammary glands based on network pharmacology.	Medicine	10.1097/MD.0000000000036263	Journal Article	eligible	exact_title_alias:Xiaoyaosan	manual_review	computational_only_possible													
逍遥散	38586416	2024-03-27	2024	The anti-depression effect and potential mechanism of the petroleum ether fraction of CDB: Integrated network pharmacology and metabolomics.	Heliyon	10.1016/j.heliyon.2024.e28582	Journal Article	manual_review	formula_alias_not_in_title	candidate_experimental	biological_model | protein_assay | computational_component	NR3C1 | STAT3	NR3C1:U | STAT3:U	NR3C1: A total of 16 active compounds were screened in SwissADME that acted on 73 core targets of depression, including STAT3, MAPKs, and NR3C1; KEGG enrichment analysis showed that PEFC modulated signaling pathways such as PI3K-Akt signaling pathway, endocrine resistance, and MAPK to exert antidepressant effects. || STAT3: A total of 16 active compounds were screened in SwissADME that acted on 73 core targets of depression, including STAT3, MAPKs, and NR3C1; KEGG enrichment analysis showed that PEFC modulated signaling pathways such as PI3K-Akt signaling pathway, endocrine resistance, and MAPK to exert antidepressant effects.										
逍遥散	38729250	2024-05-09	2024	Modified Danzhi XiaoyaoSan inhibits neuroinflammation via regulating TRIM31/NLRP3 inflammasome in the treatment of CUMS depression.	Experimental gerontology	10.1016/j.exger.2024.112451	Journal Article	exclude	modified_or_combined_formula	candidate_experimental	biological_model | protein_assay	NLRP3 | TRIM31	NLRP3:U | TRIM31:U	NLRP3: Modified Danzhi XiaoyaoSan inhibits neuroinflammation via regulating TRIM31/NLRP3 inflammasome in the treatment of CUMS depression.. The NLRP3 inflammasome is critically involved in the development of depression. || TRIM31: Modified Danzhi XiaoyaoSan inhibits neuroinflammation via regulating TRIM31/NLRP3 inflammasome in the treatment of CUMS depression.. The E3 ubiquitin ligase TRIM31 negatively regulates this process by promoting the degradation of NLRP3 through the ubiquitin-proteasome pathway.										
逍遥散	38851983	2023-12-30	2023	The role of BDNF transcription in the antidepressant-like effects of 18β-glycyrrhetinic acid in a chronic social defeat stress model.	Phytomedicine : international journal of phytotherapy and phytopharmacology	10.1016/j.phymed.2023.155332	Journal Article	manual_review	formula_alias_not_in_title	candidate_experimental	biological_model | protein_assay | transcript_assay	BDNF	BDNF:U	BDNF: The role of BDNF transcription in the antidepressant-like effects of 18β-glycyrrhetinic acid in a chronic social defeat stress model.. Moreover, 18β-GA activated brain-derived neurotrophic factor (BDNF) transcription by stimulating nuclear factor-erythroid factor 2-related factor 2 (Nrf2), c-Jun, and CREB, while also inhibiting methyl CpG binding protein 2 (MeCP2) both in vitro and in vivo.										
逍遥散	39041098	2024-06	2024	[Effect of Hei Xiaoyaosan regulating p38MAPK/Beclin-1/Bcl-2 pathway on autophagy level in Alzheimer's disease model rats].	Zhongguo Zhong yao za zhi = Zhongguo zhongyao zazhi = China journal of Chinese materia medica	10.19540/j.cnki.cjcmm.20240216.101	English Abstract | Journal Article	exclude	title_prefixed_formula_variant | alias:Xiaoyaosan	candidate_experimental	biological_model | protein_assay | transcript_assay	APP	APP:1	APP: The mRNA expression of p38MAPK, Beclin-1, and Bcl-2 was detected by RT-qPCR.Western blot was used to detect the expressions of p38MAPK, Beclin-1, Bcl-2, APP, and related proteins. The expressions of p38MAPK, p-p38MAPK, and APP were increased, while those of Beclin-1, Bcl-2, and p-Bcl-2 were decreased(P&lt;0.01).										
逍遥散	39086531	2024-07-27	2024	Hepatoprotective effects of Xiaoyao San formula on hepatic steatosis and inflammation	World journal of hepatology	10.4254/wjh.v16.i7.1051	Journal Article	eligible	exact_title_alias:Xiaoyao San	candidate_experimental	biological_model | protein_assay													
逍遥散	39114061	2024-07-14	2024	A classic prescription alleviates inflammation in CUMS model mice via modulating MYDGF/MAP4K4/NF-κB signaling pathway, verified through UPLC-HRMS and proteomics analysis.	Heliyon	10.1016/j.heliyon.2024.e34596	Journal Article	manual_review	formula_alias_not_in_title	candidate_experimental	biological_model | computational_component	MAP4K4 | MYDGF | TNF	MAP4K4:U | MYDGF:U | TNF:U	MAP4K4: A classic prescription alleviates inflammation in CUMS model mice via modulating MYDGF/MAP4K4/NF-κB signaling pathway, verified through UPLC-HRMS and proteomics analysis.. Utilizing UPLC-HRMS, the active constituents of XYS were successfully identified, while molecular docking investigations explored interactions between XYS and MYDGF, PKC, MAP4K4, P-p65, p65, P-IKBα, and IKBα. || MYDGF: A classic prescription alleviates inflammation in CUMS model mice via modulating MYDGF/MAP4K4/NF-κB signaling pathway, verified through UPLC-HRMS and proteomics analysis.. Utilizing UPLC-HRMS, the active constituents of XYS were successfully identified, while molecular docking investigations explored interactions between XYS and MYDGF, PKC, MAP4K4, P-p65, p65, P-IKBα, and IKBα. || TNF: In vivo experiments demonstrated that XYS not only markedly ameliorated behavioral markers but also attenuated serum inflammatory markers and suppressed IL-6 and TNF-α expression within the brains of CUMS model mice.										
逍遥散	39121928	2024-08-08	2024	"Xiaoyaosan against depression through suppressing LPS mediated TLR4/NLRP3 signaling pathway in ""microbiota-gut-brain"" axis."	Journal of ethnopharmacology	10.1016/j.jep.2024.118683	Journal Article	eligible	exact_title_alias:Xiaoyaosan	candidate_experimental	biological_model	NLRP3 | TLR4	NLRP3:U | TLR4:U	"NLRP3: Xiaoyaosan against depression through suppressing LPS mediated TLR4/NLRP3 signaling pathway in ""microbiota-gut-brain"" axis.. Mechanistically, XYS significantly down-regulated the expression levels of factors that involved in TLR4/NLRP3 signaling pathway in the colon and brain tissues of depressed rats. || TLR4: Xiaoyaosan against depression through suppressing LPS mediated TLR4/NLRP3 signaling pathway in ""microbiota-gut-brain"" axis.. Mechanistically, XYS significantly down-regulated the expression levels of factors that involved in TLR4/NLRP3 signaling pathway in the colon and brain tissues of depressed rats."										
逍遥散	39197805	2024-08-26	2024	Integration of network pharmacology and experimental verification to reveal the active components and molecular mechanism of modified Danzhi Xiaoyao San in the treatment of depression.	Journal of ethnopharmacology	10.1016/j.jep.2024.118739	Journal Article	exclude	modified_or_combined_formula	candidate_experimental	biological_model | computational_component	AKT1 | CA3 | CORT | MAPK1	AKT1:U | CA3:U | CORT:U | MAPK1:U	AKT1: PPI analysis suggested that AKT1 and MAPK1 (ERK1/2) were the core targets. Molecular docking revealed that azelaic acid (AA), senkyunolide A (SA), atractylenolide III (ATIII), and tokinolide B (TB) had the highest binding energy with AKT1 and MAPK1. || CA3: Animal experiments verified that MDXS could reverse CORT-induced depression-like behaviors, improve synaptic plasticity, alleviate neuronal injury in hippocampal CA3 regions, and up-regulate the protein expression of p-ERK1/2 and p-AKT. || CORT: Then corticosterone (CORT)-induced mice model of depression was established to investigate the antidepressant effects of MDXS. Animal experiments verified that MDXS could reverse CORT-induced depression-like behaviors, improve synaptic plasticity, alleviate neuronal injury in hippocampal CA3 regions, and up-regulate the protein expression of p-ERK1/2 and p-AKT. || MAPK1: PPI analysis suggested that AKT1 and MAPK1 (ERK1/2) were the core targets. Molecular docking revealed that azelaic acid (AA), senkyunolide A (SA), atractylenolide III (ATIII), and tokinolide B (TB) had the highest binding energy with AKT1 and MAPK1.										
逍遥散	39338294	2024-08-27	2024	Mechanism Study of Xiaoyao San against Nonalcoholic Steatohepatitis-Related Liver Fibrosis Based on a Combined Strategy of Transcriptome Analysis and Network Pharmacology.	Pharmaceuticals (Basel, Switzerland)	10.3390/ph17091128	Journal Article	eligible	exact_title_alias:Xiaoyao San	candidate_experimental	biological_model | transcript_assay | computational_component	STAT3	STAT3:U	STAT3: These regulatory effects are mediated by targeting signal transducer and activator of transcription 3 (STAT3), nuclear factor kappa B (NFκB), and peroxisome proliferator-activated receptor gamma (PPARγ) signaling. Narcissin, casuarictin, and γ-sitosterol were identified as representative active compounds in XYS targeting STAT3, NFκB, and PPARγ, respectively.										
逍遥散	39371910	2024-09-19	2024	Effect of Xiaoyaosan on brain volume and microstructure diffusion changes to exert antidepressant-like effects in mice with chronic social defeat stress.	Frontiers in psychiatry	10.3389/fpsyt.2024.1414295	Journal Article	eligible	exact_title_alias:Xiaoyaosan	candidate_experimental	biological_model													
逍遥散	39474573	2024-10-27	2024	Suppression of hepatic steatosis in non-alcoholic steatohepatitis model by modified Xiaoyao San formula: Evidence, mechanisms and perspective.	World journal of hepatology	10.4254/wjh.v16.i10.1208	Journal Article	exclude	modified_or_combined_formula	candidate_experimental	biological_model	PTEN	PTEN:U	PTEN: Interestingly, these hepatoprotective effects were associated with androgen upregulation (based on metabolomics analysis of male steroid hormone metabolites), adenosine 5'-monophosphate-activated protein kinase (AMPK) activation, and restoration of phosphatase and tensin homolog (PTEN) expression. However, the authors did not clearly discuss the relationships between MXS-induced hepatic steatosis reduction in the NASH model, and androgen upregulation, AMPK activation, and restoration of PTEN expression.										
逍遥散	39474580	2024-10-27	2024	Bioactive constituents and action mechanism of Xiaoyao San for treatment of non-alcoholic fatty liver disease.	World journal of hepatology	10.4254/wjh.v16.i10.1213	Journal Article	eligible	exact_title_alias:Xiaoyao San	manual_review	no_abstract_assay_signal													
逍遥散	39512328	2024-10-16	2024	Analysis of medication rule of Traditional Chinese Medicine in treating depression based on data mining.	Heliyon	10.1016/j.heliyon.2024.e39245	Journal Article	exclude	formula_alias_not_relocated	candidate_experimental	biological_model													
逍遥散	39675591	2024-12-14	2024	The molecular mechanism of Xiaoyaosan in treating major depressive disorder: Integrated analysis of DNA methylation and RNA sequencing of the arcuate nucleus in rats.	Journal of ethnopharmacology	10.1016/j.jep.2024.119234	Journal Article	eligible	exact_title_alias:Xiaoyaosan	candidate_experimental	biological_model | transcript_assay | computational_component													
逍遥散	39957155	2025-02	2025	Quantitative proteomic analysis of the brain reveals the potential antidepressant mechanism of Jiawei Danzhi Xiaoyao San in a chronic unpredictable mild stress mouse model of depression.	Journal of traditional Chinese medicine = Chung i tsa chih ying wen pan	10.19852/j.cnki.jtcm.2025.01.003	Journal Article	exclude	title_prefixed_formula_variant | alias:Xiaoyao San	candidate_experimental	biological_model | computational_component	NEFL | NEFM	NEFL:U | NEFM:U	NEFL: qRT-PCR and Western blotting results demonstrated that CUMS reduced the protein expression of neurofilament light (NEFL) and medium (NEFM) and inhibited the phosphorylation of extracellular regulated kinase 1/2 (ERK1/2), whereas JD promoted the phosphorylation of ERK1/2 and up-regulated the protein expression of NEFL and NEFM. || NEFM: qRT-PCR and Western blotting results demonstrated that CUMS reduced the protein expression of neurofilament light (NEFL) and medium (NEFM) and inhibited the phosphorylation of extracellular regulated kinase 1/2 (ERK1/2), whereas JD promoted the phosphorylation of ERK1/2 and up-regulated the protein expression of NEFL and NEFM.										
逍遥散	40140444	2025-03-26	2025	The effects and mechanisms of Xiaoyao San on nonalcoholic fatty liver disease rat based on transcriptomics and proteomics analysis.	Scientific reports	10.1038/s41598-025-91890-4	Journal Article	eligible	exact_title_alias:Xiaoyao San	candidate_experimental	biological_model | protein_assay | transcript_assay	FOXO1 | MLKL	FOXO1:U | MLKL:U	FOXO1: Specifically, XYS down-regulated the expressions of NF-κB, p-NF-κB, FOXO1, TGF-β1, RIP3, and p-MLKL, while up-regulating cAMP, PKA, p-PKA, and PPARα. XYS improves NAFLD by regulating the cAMP/PKA-mediated PPARα, FOXO1, and NF-κB signaling pathways. || MLKL: Specifically, XYS down-regulated the expressions of NF-κB, p-NF-κB, FOXO1, TGF-β1, RIP3, and p-MLKL, while up-regulating cAMP, PKA, p-PKA, and PPARα.										
逍遥散	40179998	2025-04-01	2025	Transcriptomic analysis and experiment to verify the mechanism of Xiaoyao san in the treatment of irritable bowel syndrome with depression.	Journal of ethnopharmacology	10.1016/j.jep.2025.119732	Journal Article	eligible	exact_title_alias:Xiaoyao San	candidate_experimental	biological_model | transcript_assay	DRD2 | TH | TRAF6	DRD2:1 | TH:1 | TRAF6:1	DRD2: Transcriptomic analysis combined with pharmacological experiments revealed that XYS inhibited the expression of proteins related to the intestinal ACT1/TRAF6/P38MAPK/AP-1 signaling pathway while activating the brain's DRD2/TH signaling pathway and increasing dopamine release in the brain. XYS may regulate the brain-gut axis function and improve intestinal and depressive symptoms in IBS model mice through the intestinal ACT1/TRAF6/P38MAPK/AP-1 signaling pathway and the brain DRD2/TH signaling pathway. || TH: Transcriptomic analysis combined with pharmacological experiments revealed that XYS inhibited the expression of proteins related to the intestinal ACT1/TRAF6/P38MAPK/AP-1 signaling pathway while activating the brain's DRD2/TH signaling pathway and increasing dopamine release in the brain. XYS may regulate the brain-gut axis function and improve intestinal and depressive symptoms in IBS model mice through the intestinal ACT1/TRAF6/P38MAPK/AP-1 signaling pathway and the brain DRD2/TH signaling pathway. || TRAF6: Transcriptomic analysis combined with pharmacological experiments revealed that XYS inhibited the expression of proteins related to the intestinal ACT1/TRAF6/P38MAPK/AP-1 signaling pathway while activating the brain's DRD2/TH signaling pathway and increasing dopamine release in the brain. XYS may regulate the brain-gut axis function and improve intestinal and depressive symptoms in IBS model mice through the intestinal ACT1/TRAF6/P38MAPK/AP-1 signaling pathway and the brain DRD2/TH signaling pathway.										
逍遥散	40450487	2025-05-31	2025	"Corrigendum to ""The effects and mechanisms of modified Xiaoyaosan on chronic unpredictable mild stress (CUMS)-induced depressive mice based on network pharmacology"" [J. Ethnopharmacol. 324 (2024) 117754]."	Journal of ethnopharmacology	10.1016/j.jep.2025.120012	Published Erratum	exclude	publication_status_notice	candidate_experimental	biological_model | computational_component													
逍遥散	40458794	2025-05-19	2025	Xiaoyao San ameliorates maternal inflammation-induced neurobehavioral deficits by modulating the microbiota-gut-brain axis in offspring.	Frontiers in pharmacology	10.3389/fphar.2025.1563496	Journal Article	eligible	exact_title_alias:Xiaoyao San	candidate_experimental	biological_model													
逍遥散	40541752	2025-06-18	2025	Reducing neuroinflammation through PKCγ/p38/NF-κB signaling pathway: the mechanism of Danzhi Xiaoyaosan in improving post-stroke depression.	Journal of ethnopharmacology	10.1016/j.jep.2025.120151	Journal Article	exclude	title_prefixed_formula_variant | alias:Xiaoyaosan	candidate_experimental	biological_model | perturbation | protein_assay | computational_component	PSD	PSD:U	PSD: Post-stroke depression (PSD) is a common sequela of stroke, causing tremendous mental burden to patients. Danzhi Xiaoyao San (DZX) is a widely used traditional Chinese medicine formula for the clinical treatment of PSD and has favorable therapeutic effects.										
逍遥散	40547671	2025-06-04	2025	Integrative Multi-omics and Network Pharmacology Reveal the Mechanisms of Xiaoyaosan in Treating Depression.	ACS omega	10.1021/acsomega.4c10769	Journal Article	eligible	exact_title_alias:Xiaoyaosan	candidate_experimental	biological_model | protein_assay | transcript_assay | computational_component	TNF	TNF:1	TNF: Flow cytometry was used to detect Th17 and Treg cell subsets in the colon, and ELISA was applied to detect IL-1 β, TNF-α, IL-17, IL-21, IL-22, IL-10, and TGF-β levels. Moreover, flow cytometry suggested restored Th17/Treg balance in the colon, while ELISA indicated reduced TNF-α, IL-21, IL-22, IL-17, and IL-1β but increased IL-10 and TGF-β levels in the colons of rats in the H-XYS group.										
逍遥散	40550295	2025-06-21	2025	Xiaoyaosan alleviates chronic psychological stress-induced TH17/Treg imbalance via modulation of the FKBP5/NF-κB axis.	Journal of ethnopharmacology	10.1016/j.jep.2025.120184	Journal Article	eligible	exact_title_alias:Xiaoyaosan	candidate_experimental	biological_model | perturbation | protein_assay | computational_component	FKBP5 | TNF	FKBP5:U | TNF:1	FKBP5: Xiaoyaosan alleviates chronic psychological stress-induced TH17/Treg imbalance via modulation of the FKBP5/NF-κB axis.. This study aims to elucidate the regulatory impact of XYS on the peripheral Th17/Treg immunological imbalance generated by chronic psychological stress through modulation of the FKBP5/NF-κB signaling pathway, thereby establishing a mechanistic foundation for developing innovative interventions with dual stress-adaptogenic and immunoregulatory properties. || TNF: Serum inflammatory cytokines (IL-17A, IL-23, IL-10, TNF-α) measured by enzyme-linked immunosorbent test (ELISA).										
逍遥散	40684490	2025-07-13	2025	Xiaoyaosan improves depression-like behaviours in mice with post-stroke depression by modulating gut microbiota and microbial metabolism and regulating P2X7R/NLRP3 inflammasome.	Phytomedicine : international journal of phytotherapy and phytopharmacology	10.1016/j.phymed.2025.157078	Journal Article	eligible	exact_title_alias:Xiaoyaosan	candidate_experimental	biological_model	NLRP3 | PSD	NLRP3:U | PSD:U	NLRP3: Xiaoyaosan improves depression-like behaviours in mice with post-stroke depression by modulating gut microbiota and microbial metabolism and regulating P2X7R/NLRP3 inflammasome.. The authors assessed the effect of XYS on the behaviour of PSD mice and evaluated the effects of XYS on structure and metabolism of gut microbiota, the protein expression levels of P2X7 and NLRP3, and associated inflammatory factors in PSD mice. || PSD: Post-stroke depression (PSD) represents the most prevalent complication of stroke and has been reported to be associated with an imbalance in the gut microbiota. Clinically, Xiaoyaosan (XYS) alleviates depressive symptoms in patients with PSD.										
逍遥散	40752984	2025-08-05	2025	"Corrigendum to ""Reducing neuroinflammation through PKCγ/p38/NF-κB signaling pathway: the mechanism of Danzhi Xiaoyaosan in improving post-stroke depression"" [J. Ethnopharmacol. 352 29 (2025) 120151]."	Journal of ethnopharmacology	10.1016/j.jep.2025.120339	Published Erratum	exclude	publication_status_notice	manual_review	no_abstract_assay_signal													
逍遥散	40846521	2025-07-31	2025	Antidepressant mechanism of Xiaoyaosan: A perspective from energy metabolism of the brain and intestine.	Journal of integrative medicine	10.1016/j.joim.2025.07.009	Journal Article	eligible	exact_title_alias:Xiaoyaosan	candidate_experimental	biological_model													
逍遥散	40912487	2025-09-03	2025	Network pharmacology-guided lipidomics and molecular docking reveals the involvement of sphingolipid metabolism and HIF-1 signaling in Xiaoyao San's blood-nourishing mechanism against depression.	Journal of ethnopharmacology	10.1016/j.jep.2025.120534	Journal Article	eligible	exact_title_alias:Xiaoyao San	manual_review	computational_only_possible	SMPD1	SMPD1:U	SMPD1: Molecular docking identified stigmasterol, cubebin, β-sitosterol, and xambioona as potential therapeutic agents for XYS therapy due to their strong binding affinities with SMPD1 and HIF-1α.										
逍遥散	40945251	2025-09-03	2025	Xiaoyao San's dual efficacy in NAFLD and depression: Unraveling the mechanisms via network pharmacology and multi-omics.	Phytomedicine : international journal of phytotherapy and phytopharmacology	10.1016/j.phymed.2025.157221	Journal Article	eligible	exact_title_alias:Xiaoyao San	candidate_experimental	biological_model | computational_component	GPX4 | HMOX1	GPX4:U | HMOX1:U	GPX4: Multi-omics analysis identified the PPARα/HMOX1/GPX4 axis as a key target. Specifically, XYS upregulated PPARα and GPX4 expression, downregulated HMOX1 expression, and decreased hepatic iron levels, alleviating both NAFLD and depression. || HMOX1: Multi-omics analysis identified the PPARα/HMOX1/GPX4 axis as a key target. Specifically, XYS upregulated PPARα and GPX4 expression, downregulated HMOX1 expression, and decreased hepatic iron levels, alleviating both NAFLD and depression.										
逍遥散	40945252	2025-09-08	2025	Modified Xiaoyaosan rescues depression-like behavior via remodeling gut microbiota and leucine metabolism.	Phytomedicine : international journal of phytotherapy and phytopharmacology	10.1016/j.phymed.2025.157241	Journal Article	exclude	modified_or_combined_formula	candidate_experimental	biological_model													
逍遥散	40998134	2025-09-23	2025	Xiaoyao San reverses the pro-breast cancer effect of depression by inhibiting glutamate levels in intestinal flora.	Journal of ethnopharmacology	10.1016/j.jep.2025.120636	Journal Article	eligible	exact_title_alias:Xiaoyao San	candidate_experimental	biological_model | transcript_assay | computational_component													
逍遥散	41029818	2025-10-01	2025	Xiaoyaosan modulates gut-brain metabolic pathways and brain microstructure in depression: a multi-omics insight.	Chinese medicine	10.1186/s13020-025-01212-z	Journal Article	eligible	exact_title_alias:Xiaoyaosan	candidate_experimental	biological_model													
逍遥散	41061289	2025-09-28	2025	Xiaoyao San and Guipi Tang, alone or combined, relieve postpartum depression via AGE‑RAGE‑mediated autophagy and apoptosis.	Phytomedicine : international journal of phytotherapy and phytopharmacology	10.1016/j.phymed.2025.157338	Journal Article	exclude	formula_combination_in_title | alias:Xiaoyao San	candidate_experimental	biological_model | protein_assay | transcript_assay | computational_component	BCL2 | GPT | ICAM1	BCL2:U | GPT:U | ICAM1:U	"BCL2: XYS, GPT, and especially XYS+GPT suppressed RAGE expression, enhanced PI3K-AKT phosphorylation, downregulated pro-apoptotic markers, and upregulated anti-apoptotic BCL2 expression. || GPT: Xiaoyao San (XYS) and Guipi Tang (GPT) are classical traditional Chinese medicine (TCM) formulations extensively used in the clinical management of postpartum depression (PPD); however, their underlying mechanisms of action remain poorly understood. Guided by the TCM theory of ""different treatments for the same disease,"" this study aimed to investigate the treatment effectiveness and mechanistic basis of XYS and GPT, individually and in combination, for managing PPD. || ICAM1: Notably, XYS exerted stronger inhibitory effects on IL-6 and IL-1β than GPT, which showed superior suppression of ICAM1, corroborating the network pharmacology predictions of IL-6 and IL-1β being XYS-specific and ICAM1 being a GPT-specific target."										
逍遥散	41218740	2025-11-09	2025	Xiaoyaosan alleviates CUMS rat by promoting hippocampal neurogenesis via modulating the JNK/GluR1 signaling pathway.	Journal of affective disorders	10.1016/j.jad.2025.120630	Journal Article	eligible	exact_title_alias:Xiaoyaosan	candidate_experimental	biological_model | protein_assay | transcript_assay	PSD	PSD:1	PSD: RT-qPCR was employed to detect the mRNA levels of JNK, GluR1, GluR2, and PSD-95 in the hippocampus. The relative protein levels of JNK, GluR1, GluR2, and PSD-95 in the hippocampus were analyzed using Western blot.										
逍遥散	41225027	2025-11-12	2025	Xiaoyao San against depression via glia-mediated neuroinflammation using network pharmacology and experimental validation.	Scientific reports	10.1038/s41598-025-23296-1	Journal Article	eligible	exact_title_alias:Xiaoyao San	candidate_experimental	biological_model | computational_component													
逍遥散	41273446	2025-11-22	2025	Modified Xiaoyao San ameliorates LPS-induced depression-like behavior by inhibiting NLRP3-mediated microglial pyroptosis.	Metabolic brain disease	10.1007/s11011-025-01751-2	Journal Article | Research Support, Non-U.S. Gov't	exclude	modified_or_combined_formula	candidate_experimental	biological_model	CD68 | GSDMD | NLRP3 | TRIM31	CD68:U | GSDMD:U | NLRP3:U | TRIM31:U	CD68: Moreover, MXYS promoted microglial polarization toward the anti-inflammatory M2 phenotype (CD206⁺) while suppressing the pro-inflammatory M1 phenotype (CD68⁺). || GSDMD: Transmission electron microscopy confirmed that MXYS inhibited LPS-induced microglial pyroptosis, as evidenced by reduced Gasdermin D (GSDMD) expression and preserved cellular ultrastructure. || NLRP3: Modified Xiaoyao San ameliorates LPS-induced depression-like behavior by inhibiting NLRP3-mediated microglial pyroptosis.. Mechanistically, MXYS inhibited NLRP3 inflammasome activation and pyroptosis through the upregulation of the E3 ubiquitin ligase TRIM31, which facilitated NLRP3 degradation. || TRIM31: Mechanistically, MXYS inhibited NLRP3 inflammasome activation and pyroptosis through the upregulation of the E3 ubiquitin ligase TRIM31, which facilitated NLRP3 degradation. In vitro validation using LPS-stimulated BV2 microglia further corroborated the MXYS-mediated suppression of NLRP3 inflammasome activity, pyroptosis, and inflammatory cytokine dysregulation, alongside enhanced TRIM31 expression.										
补中益气汤	36687653	2023-01-06	2023	Traditional Chinese medicine improves myasthenia gravis by regulating the symbiotic homeostasis of the intestinal microbiota and host.	Frontiers in microbiology	10.3389/fmicb.2022.1082565	Journal Article	manual_review	formula_alias_not_in_title	candidate_experimental	biological_model													
补中益气汤	36737821	2023-02-04	2023	Deciphering the protective effect of Buzhong Yiqi Decoction on osteoporotic fracture through network pharmacology and experimental validation.	Journal of orthopaedic surgery and research	10.1186/s13018-023-03545-7	Journal Article	eligible	exact_title_alias:Buzhong Yiqi Decoction	candidate_experimental	biological_model | computational_component													
补中益气汤	37070455	2024	2024	Based on mRNA Sequencing Techniques to Explore the Molecular Mechanism of Buzhong Yiqi Decoction for Autoimmune Thyroiditis.	Combinatorial chemistry & high throughput screening	10.2174/1386207326666230417120421	Journal Article | Research Support, Non-U.S. Gov't	eligible	exact_title_alias:Buzhong Yiqi Decoction	candidate_experimental	biological_model | protein_assay | computational_component	CBR1 | JAK1 | PTS	CBR1:U | JAK1:U | PTS:U	CBR1: In addition, the expression of Carbonyl Reductase 1 (CBR1), 6-Pyruvoyltetrahydropterin Synthase (PTS), Major Histocompatibility Complex, Class II (H2-EB1), Interleukin 23 Subunit Alpha (IL-23A), Interleukin 6 Receptor (IL-6RA), and Janus Kinase 1 (JAK1) was measured by quantitative real-time PCR (qRT-PCR). CBR1, PTS, H2-EB1, IL- 23A, IL-6RA and JAK1 mRNA participated in folate biosynthesis and the Th17 cell differentiation pathway. || JAK1: In addition, the expression of Carbonyl Reductase 1 (CBR1), 6-Pyruvoyltetrahydropterin Synthase (PTS), Major Histocompatibility Complex, Class II (H2-EB1), Interleukin 23 Subunit Alpha (IL-23A), Interleukin 6 Receptor (IL-6RA), and Janus Kinase 1 (JAK1) was measured by quantitative real-time PCR (qRT-PCR). CBR1, PTS, H2-EB1, IL- 23A, IL-6RA and JAK1 mRNA participated in folate biosynthesis and the Th17 cell differentiation pathway. || PTS: In addition, the expression of Carbonyl Reductase 1 (CBR1), 6-Pyruvoyltetrahydropterin Synthase (PTS), Major Histocompatibility Complex, Class II (H2-EB1), Interleukin 23 Subunit Alpha (IL-23A), Interleukin 6 Receptor (IL-6RA), and Janus Kinase 1 (JAK1) was measured by quantitative real-time PCR (qRT-PCR). CBR1, PTS, H2-EB1, IL- 23A, IL-6RA and JAK1 mRNA participated in folate biosynthesis and the Th17 cell differentiation pathway.										
补中益气汤	37147755	2023-06	2023	Efficacy of Buzhong Yiqi decoction on benign prostatic hyperplasia and its possible mechanism.	Journal of traditional Chinese medicine = Chung i tsa chih ying wen pan	10.19852/j.cnki.jtcm.2023.03.003	Journal Article	eligible	exact_title_alias:Buzhong Yiqi Decoction	candidate_experimental	biological_model | protein_assay | computational_component	MAPK8 | TNF	MAPK8:U | TNF:U	MAPK8: Mitogen activated protein kinase 8 (MAPK8), interleukin 6 (IL-6) and quercetin were chosen to perform molecular docking. A total 151 chemical ingredients of 8 herbs and 1756 targets in BZYQD, 105 common targets of BZYQD and BPH which mainly involving with MAPK8, IL-6, and so on. || TNF: The production of IL-6, tumor necrosis factor-α (TNF-α), IL-1β and were mRNA expression detected by enzyme-linked immunosorbent assay kit and quantitative real-time polymerase chain reaction. Quercetin decreased the IL-6, TNF-α and IL-1β production and mRNA expression, and the expression of p-P38 and MMP-9 were also obviously reduced after treated with quercetin.										
补中益气汤	37660955	2023-09-03	2023	Jianpi Shengqing Huazhuo Formula improves abnormal glucose and lipid metabolism in obesity by regulating mitochondrial biogenesis.	Journal of ethnopharmacology	10.1016/j.jep.2023.117102	Journal Article	manual_review	formula_alias_not_in_title	candidate_experimental	biological_model | protein_assay | transcript_assay	CAT | MFN2 | NRF1 | PGC | TFAM | TNF	CAT:1 | MFN2:1 | NRF1:1 | PGC:1 | TFAM:1 | TNF:1	CAT: The levels of interleukin-6 (IL-6), interleukin 1 beta (IL-1β) and tumor necrosis factor alpha (TNF-α) in plasma were detected by Elisa, and the changes of malondialdehyde (MDA), glutathione (GSH) and catalase (CAT) in plasma and liver tissue were detected by kits. || MFN2: RT-qPCR and Western Blot (WB) were used to detect the mitochondrial regulation-related indicators PGC-1α, NRF1, TFAM, MFN2, DRP1 and apoptosis-related indicators Bcl-2, Bax, caspase 8 in liver tissue. Moreover, JSH could promote the expression of MFN2 and DRP1, decrease Bcl-2 and increase Bax in the liver. || NRF1: RT-qPCR and Western Blot (WB) were used to detect the mitochondrial regulation-related indicators PGC-1α, NRF1, TFAM, MFN2, DRP1 and apoptosis-related indicators Bcl-2, Bax, caspase 8 in liver tissue. Further observations of liver cell ultrastructure showed that JSH can ameliorate the reduction of liver mitochondria caused by a high-fat diet and promote the expression of indicators of mitochondrial biogenesis related to PGC-1α, NRF1, and TFAM. || PGC: RT-qPCR and Western Blot (WB) were used to detect the mitochondrial regulation-related indicators PGC-1α, NRF1, TFAM, MFN2, DRP1 and apoptosis-related indicators Bcl-2, Bax, caspase 8 in liver tissue. Further observations of liver cell ultrastructure showed that JSH can ameliorate the reduction of liver mitochondria caused by a high-fat diet and promote the expression of indicators of mitochondrial biogenesis related to PGC-1α, NRF1, and TFAM. || TFAM: RT-qPCR and Western Blot (WB) were used to detect the mitochondrial regulation-related indicators PGC-1α, NRF1, TFAM, MFN2, DRP1 and apoptosis-related indicators Bcl-2, Bax, caspase 8 in liver tissue. Further observations of liver cell ultrastructure showed that JSH can ameliorate the reduction of liver mitochondria caused by a high-fat diet and promote the expression of indicators of mitochondrial biogenesis related to PGC-1α, NRF1, and TFAM. || TNF: The levels of interleukin-6 (IL-6), interleukin 1 beta (IL-1β) and tumor necrosis factor alpha (TNF-α) in plasma were detected by Elisa, and the changes of malondialdehyde (MDA), glutathione (GSH) and catalase (CAT) in plasma and liver tissue were detected by kits. Animal experiments: JSH can significantly reduce body weight and abdominal fat area, improve glucose and lipid metabolism, and also reduce plasma IL-6, IL-1β and TNF-α content in obese rats, and improve oxidative stress; HE staining and oil red O staining also showed that JSH can alleviate liver damage and lipid deposition in the li										
补中益气汤	37679989	2023-10	2023	Clinical efficacy of Buzhong Yiqi decoction in the treatment of hospital-acquired pneumonia with multi-drug resistant bacteria: a prospective, randomized, multicenter controlled trial.	Journal of traditional Chinese medicine = Chung i tsa chih ying wen pan	10.19852/j.cnki.jtcm.20230713.002	Journal Article | Multicenter Study | Randomized Controlled Trial | Research Support, Non-U.S. Gov't	eligible	exact_title_alias:Buzhong Yiqi Decoction	candidate_experimental	biological_model													
补中益气汤	37695446	2023-09-11	2023	Combined Treatment with Bojungikgi-tang (Buzhong Yiqi Decoction) and Riluzole Attenuates Cell Death in TDP-43-Expressing Cells.	Chinese journal of integrative medicine	10.1007/s11655-023-3557-8	Journal Article	exclude	title_prefixed_formula_variant | alias:Buzhong Yiqi Decoction	candidate_experimental	biological_model | protein_assay | transcript_assay	ATG7	ATG7:1	ATG7: The autophagy-related proteins, including pmTOR/mTOR, LC3b, P62, ATG7 and Bcl-2-associated athanogene 3 (Bag3) were investigated using immunofluorescence and immunoblotting assays. Immunofluorescence and immunoblotting assays showed that combined treatment with BJIGT and RZ reduced LPS-induced formation of TDP-43 aggregates and regulated autophagy-related protein levels, including p62, light chain 3b, Bag3, and ATG7, in TDP-43-expressing cells (P<0.05 or P<0.01).										
补中益气汤	38158097	2023-12-27	2023	Jiawei Buzhong Yiqi decoction ameliorates polycystic ovary syndrome via oocyte-granulosa cell communication.	Journal of ethnopharmacology	10.1016/j.jep.2023.117654	Journal Article	exclude	title_prefixed_formula_variant | alias:Buzhong Yiqi Decoction	candidate_experimental	biological_model | protein_assay | transcript_assay	MYO10 | PTK2	MYO10:U | PTK2:U	MYO10: Simultaneously, TZPs assembly was totally disrupted in PCOS rats, evidenced by the phalloidin staining, upregulated calcium-/calmodulin-dependent protein kinase II beta (CaMKIIβ), and deficient p-CaMKIIβ, myosin X (MYO10), proline-rich tyrosine kinase 2 (PTK2), and Fascin. || PTK2: Simultaneously, TZPs assembly was totally disrupted in PCOS rats, evidenced by the phalloidin staining, upregulated calcium-/calmodulin-dependent protein kinase II beta (CaMKIIβ), and deficient p-CaMKIIβ, myosin X (MYO10), proline-rich tyrosine kinase 2 (PTK2), and Fascin.										
补中益气汤	38230796	2024-01	2024	Integrating network pharmacology and experimental verification to investigate the pharmacological mechanisms of Buzhong Yiqi decoction in the treatment of non-small cell lung cancer.	Chemical biology & drug design	10.1111/cbdd.14414	Journal Article	eligible	exact_title_alias:Buzhong Yiqi Decoction	candidate_experimental	biological_model | protein_assay | computational_component													
补中益气汤	38621910	2024-02	2024	[Buzhong Yiqi Decoction ameliorates spleen deficiency syndrome by regulating gut microbiota].	Zhongguo Zhong yao za zhi = Zhongguo zhongyao zazhi = China journal of Chinese materia medica	10.19540/j.cnki.cjcmm.20231013.701	English Abstract | Journal Article	eligible	exact_title_alias:Buzhong Yiqi Decoction	candidate_experimental	biological_model | protein_assay | transcript_assay													
补中益气汤	38688355	2024-04-28	2024	Bu zhong Yiqi Decoction ameliorates mild cognitive impairment by improving mitochondrial oxidative stress damage via the SIRT3/MnSOD/OGG1 pathway.	Journal of ethnopharmacology	10.1016/j.jep.2024.118237	Journal Article	exclude	formula_alias_not_relocated	candidate_experimental	biological_model | protein_assay	OGG1 | SIRT3	OGG1:U | SIRT3:U	OGG1: Bu zhong Yiqi Decoction ameliorates mild cognitive impairment by improving mitochondrial oxidative stress damage via the SIRT3/MnSOD/OGG1 pathway.. Protein expression in the SIRT3/MnSOD/OGG1 pathway was analyzed in tissues and cells through western blotting. || SIRT3: Bu zhong Yiqi Decoction ameliorates mild cognitive impairment by improving mitochondrial oxidative stress damage via the SIRT3/MnSOD/OGG1 pathway.. Protein expression in the SIRT3/MnSOD/OGG1 pathway was analyzed in tissues and cells through western blotting.										
补中益气汤	38744568	2024-05-10	2024	Clinical remission of moderate generalized myasthenia gravis through exclusive use of Buzhong Yiqi decoction: A case report.	Explore (New York, N.Y.)	10.1016/j.explore.2024.05.004	Case Reports | Journal Article	eligible	exact_title_alias:Buzhong Yiqi Decoction	candidate_experimental	biological_model													
补中益气汤	39087096	2024-07-27	2024	Therapeutic effects of Buzhong Yiqi decoction in patients with spleen and stomach qi deficiency after routine surgery and chemotherapy for colorectal cancer.	World journal of gastrointestinal surgery	10.4240/wjgs.v16.i7.2183	Journal Article	eligible	exact_title_alias:Buzhong Yiqi Decoction	candidate_experimental	biological_model													
补中益气汤	39116604	2024-08-07	2024	Jiawei Buzhong Yiqi Decoction attenuates polycystic ovary syndrome through regulating kisspeptin-GPR54-AKT-SHBG system.	Phytomedicine : international journal of phytotherapy and phytopharmacology	10.1016/j.phymed.2024.155931	Journal Article	exclude	title_prefixed_formula_variant | alias:Buzhong Yiqi Decoction	candidate_experimental	biological_model | perturbation	SHBG	SHBG:U	SHBG: Jiawei Buzhong Yiqi Decoction attenuates polycystic ovary syndrome through regulating kisspeptin-GPR54-AKT-SHBG system.. Accumulated evidence has suggested the indispensable role of kisspeptin-G protein-coupled receptor (GPR54) system and SHBG in development of PCOS.										
补中益气汤	39278852	2024-09-01	2024	Buzhong Yiqi decoction attenuates acquired myasthenia by regulating the JAK2/STAT3/AKT signaling pathway, inhibiting inflammation, and improving mitochondrial function.	Allergologia et immunopathologia	10.15586/aei.v52i5.1147	Journal Article	eligible	exact_title_alias:Buzhong Yiqi Decoction	candidate_experimental	biological_model	JAK2 | STAT3	JAK2:U | STAT3:U	JAK2: Buzhong Yiqi decoction attenuates acquired myasthenia by regulating the JAK2/STAT3/AKT signaling pathway, inhibiting inflammation, and improving mitochondrial function.. Moreover, BZYQD decreases the expression of p-JAK2, p-STAT3, and p-AKT in the skeletal muscle of mice with acquired myasthenia. || STAT3: Buzhong Yiqi decoction attenuates acquired myasthenia by regulating the JAK2/STAT3/AKT signaling pathway, inhibiting inflammation, and improving mitochondrial function.. Moreover, BZYQD decreases the expression of p-JAK2, p-STAT3, and p-AKT in the skeletal muscle of mice with acquired myasthenia.										
补中益气汤	39326601	2024-09-24	2024	Apo E protein and related markers show the prognosis of stress urinary incontinence rats treated with modified Buzhong Yiqi Decoction.	International journal of biological macromolecules	10.1016/j.ijbiomac.2024.135996	Journal Article | Retracted Publication	exclude	modified_or_combined_formula	candidate_experimental	biological_model													
补中益气汤	39701767	2024-10	2024	[Effect of Buzhong Yiqi Decoction on Treg cells in rats with autoimmune thyroiditis through TGF-β/Smad signaling pathway].	Zhongguo Zhong yao za zhi = Zhongguo zhongyao zazhi = China journal of Chinese materia medica	10.19540/j.cnki.cjcmm.20240712.702	English Abstract | Journal Article	eligible	exact_title_alias:Buzhong Yiqi Decoction	candidate_experimental	biological_model | perturbation | protein_assay | transcript_assay													
补中益气汤	39957354	2025-02-17	2025	Investigating the Role of Buzhong Yiqi Decoction on Neurogenic Bladder with Network Pharmacology, Molecular Docking, and	Assay and drug development technologies	10.1089/adt.2024.028	Journal Article	eligible	exact_title_alias:Buzhong Yiqi Decoction	candidate_experimental	biological_model | computational_component	AKT1 | CASP3 | EGFR | ESR1 | HSP90AA1 | MAPK3	AKT1:U | CASP3:U | EGFR:U | ESR1:U | HSP90AA1:U | MAPK3:U	AKT1: PPI network analysis suggested that ESR1, EGFR, HSP90AA1, MAPK3, AKT1, and CASP3 were the hub targets. || CASP3: PPI network analysis suggested that ESR1, EGFR, HSP90AA1, MAPK3, AKT1, and CASP3 were the hub targets. || EGFR: PPI network analysis suggested that ESR1, EGFR, HSP90AA1, MAPK3, AKT1, and CASP3 were the hub targets. || ESR1: PPI network analysis suggested that ESR1, EGFR, HSP90AA1, MAPK3, AKT1, and CASP3 were the hub targets. || HSP90AA1: PPI network analysis suggested that ESR1, EGFR, HSP90AA1, MAPK3, AKT1, and CASP3 were the hub targets. || MAPK3: PPI network analysis suggested that ESR1, EGFR, HSP90AA1, MAPK3, AKT1, and CASP3 were the hub targets.										
补中益气汤	40065054	2025-03-10	2025	Investigating the PI3K/AKT/mTOR axis in Buzhong Yiqi Decoction's anti-colorectal cancer activity.	Scientific reports	10.1038/s41598-025-89018-9	Journal Article	eligible	exact_title_alias:Buzhong Yiqi Decoction	candidate_experimental	biological_model | computational_component	AKT1 | PIK3CA	AKT1:U | PIK3CA:U	"AKT1: Based on the number of ""hithubs"" targets in the key pathways, the two most critical targets including AKT1 and PIK3CA were selected. || PIK3CA: Based on the number of ""hithubs"" targets in the key pathways, the two most critical targets including AKT1 and PIK3CA were selected."										
补中益气汤	40185260	2025-04-02	2025	Revealing the molecular mechanism of Buzhong Yiqi Decoction for tendon bone healing on the basis of network pharmacology, molecular docking and experimental validation.	Journal of ethnopharmacology	10.1016/j.jep.2025.119726	Journal Article	eligible	exact_title_alias:Buzhong Yiqi Decoction	candidate_experimental	biological_model | computational_component													
补中益气汤	40264313	2025	2025	Comprehensive Transcriptomic and Bioinformatic Analysis of the Mechanism of Buzhong Yiqi Decoction in the Improvement of Diabetic Nephropathy.	Endocrine, metabolic & immune disorders drug targets	10.2174/0118715303379062250327184950	Journal Article	eligible	exact_title_alias:Buzhong Yiqi Decoction	candidate_experimental	biological_model | protein_assay | transcript_assay | computational_component	ALB | GSDMD | NLRP3	ALB:U | GSDMD:1 | NLRP3:1	ALB: Initially, the protective effects of BZYQ on renal tissue were assessed by measuring fasting blood glucose (FBG), total cholesterol (TC), triglycerides (TG), 24-hour urinary total protein (24h-UTP), urinary albumin (ALB), and serum creatinine (SCr) after administration, along with performing hematoxylin-eosin (HE) staining. || GSDMD: Transcriptomic and bioinformatic analyses identified NLRP3, ASC, caspase- 1, GSDMD, IL-1β, and IL-18 as hub genes, along with differential expression of immune-related transcription factors T-bet and GATA-3 in various transcriptomes. In the validation phase, the mRNA and protein expressions of NLRP3, ASC, caspase-1, GSDMD, IL-18, IL-1β, and T-bet were significantly elevated in the DN rat model group, while GATA-3 mRNA and protein levels were significantly decreased; BZYQ was able to reverse these changes. || NLRP3: Transcriptomic and bioinformatic analyses identified NLRP3, ASC, caspase- 1, GSDMD, IL-1β, and IL-18 as hub genes, along with differential expression of immune-related transcription factors T-bet and GATA-3 in various transcriptomes. In the validation phase, the mRNA and protein expressions of NLRP3, ASC, caspase-1, GSDMD, IL-18, IL-1β, and T-bet were significantly elevated in the DN rat model group, while GATA-3 mRNA and protein levels were significantly decreased; BZYQ was able to reverse these changes.										
补中益气汤	40350879	2025-04	2025	[Buzhong Yiqi Decoction alleviates immune injury of autoimmune thyroiditis in NOD.H-2~(h4)mice via c GAS-STING signaling pathway].	Zhongguo Zhong yao za zhi = Zhongguo zhongyao zazhi = China journal of Chinese materia medica	10.19540/j.cnki.cjcmm.20241107.703	English Abstract | Journal Article	eligible	exact_title_alias:Buzhong Yiqi Decoction	candidate_experimental	biological_model | protein_assay	IRF3 | TANK | TBK1	IRF3:U | TANK:U | TBK1:U	IRF3: The immunohistochemical method was used to detect the expression of cGAS, STING, TANK-binding kinase 1(TBK1), and interferon regulatory factor 3(IRF3). Compared with the normal group, the modeling up-regulated the mRNA levels of cGAS, STING, TBK1, and IRF3 and the protein levels of cGAS, p-STING, p-TBK1, and p-IRF3. || TANK: The immunohistochemical method was used to detect the expression of cGAS, STING, TANK-binding kinase 1(TBK1), and interferon regulatory factor 3(IRF3). || TBK1: The immunohistochemical method was used to detect the expression of cGAS, STING, TANK-binding kinase 1(TBK1), and interferon regulatory factor 3(IRF3). Compared with the normal group, the modeling up-regulated the mRNA levels of cGAS, STING, TBK1, and IRF3 and the protein levels of cGAS, p-STING, p-TBK1, and p-IRF3.										
补中益气汤	40360040	2025-05-11	2025	Buzhong Yiqi decoction improves inflammation and oxidative damage in autoimmune thyroiditis by inhibiting apoptosis via the SIRT1-Mediated Nrf2/NF-κB axis.	Journal of ethnopharmacology	10.1016/j.jep.2025.119967	Journal Article	eligible	exact_title_alias:Buzhong Yiqi Decoction	candidate_experimental	biological_model | perturbation | protein_assay | transcript_assay	CAT | SIRT1 | TNF	CAT:U | SIRT1:U | TNF:U	CAT: Oxidative stress and inflammation-related parameters, including superoxide dismutase (SOD), catalase (CAT), malondialdehyde (MDA), interleukin-6 (IL-6), and tumor necrosis factor-α (TNF-α) were analyzed. These changes led to altered protein expression and mRNA levels of its downstream targets, considerably suppressing the production of inflammatory cytokines (TNF-α and IL-6), attenuating oxidative stress (MDA, SOD, and CAT), regulating the expressions of apoptotic markers (Bax, Bcl-2, CytC, and Caspase-3), and reducing the apoptosis rate of thyroid cells. || SIRT1: Buzhong Yiqi decoction improves inflammation and oxidative damage in autoimmune thyroiditis by inhibiting apoptosis via the SIRT1-Mediated Nrf2/NF-κB axis.. These techniques were used to determine the alterations in key genes and proteins involved in the sirtuin 1 (SIRT1)-mediated Nuclear factor (erythroid-derived 2)-like 2 (Nrf2)/nuclear factor-kappaB p65 (NF-κB p65) axis regulating the apoptotic pathway in thyroid tissues of AIT mice after BZYQ intervention. || TNF: Oxidative stress and inflammation-related parameters, including superoxide dismutase (SOD), catalase (CAT), malondialdehyde (MDA), interleukin-6 (IL-6), and tumor necrosis factor-α (TNF-α) were analyzed. These changes led to altered protein expression and mRNA levels of its downstream targets, considerably suppressing the production of inflammatory cytokines (TNF-α and IL-6), attenuating oxidative stress (MDA, SOD, and CAT), regulating the expressions of apoptotic markers (Bax, Bcl-2, CytC, and Caspase-3), and reducing the apoptosis rate of thyroid cells.										
补中益气汤	40695404	2025-07-20	2025	Buzhong yiqi decoction improves cisplatin resistance in non-small cell lung cancer by inhibiting PCBP1 to activate the ferritinophagy-mediated ferroptosis pathway.	Journal of ethnopharmacology	10.1016/j.jep.2025.120317	Journal Article	eligible	exact_title_alias:Buzhong Yiqi Decoction	candidate_experimental	biological_model | perturbation | protein_assay	FTH1 | GPX4 | NCOA4 | PCBP1	FTH1:2 | GPX4:1 | NCOA4:2 | PCBP1:2	FTH1: The impact of BZYQD on the ferritinophagy pathway was assessed by Western blot analysis of ferritinophagy-related proteins (FTH1, NCOA4, LC3Ⅱ/Ⅰ, and p62).Additionally, PCBP1 overexpression is induced by cell transfection, and the expression of PCBP1 is examined by Western blot to verify the effect of BZYQD on PCBP1 and its interaction in the ferritinophagy pathway and ferroptosis. || GPX4: It can upregulate the expression levels of typical ferroptosis markers such as ROS and downregulate the expression of key ferroptosis regulatory protein GPX4. To investigate BZYQD-mediated regulation of ferroptosis, we performed: ultrastructural analysis of mitochondria by transmission electron microscopy (TEM); quantification of the ferroptosis marker GPX4 by Western blot; and measurement of ferroptosis biomarkers including lipid reactive oxygen species (ROS) using C11-BODIPY 581/591 fluorescent probe, Fe2+ with an iron assay kit, and malondialdehyde (MDA) levels with a lipid peroxidation ass || NCOA4: The impact of BZYQD on the ferritinophagy pathway was assessed by Western blot analysis of ferritinophagy-related proteins (FTH1, NCOA4, LC3Ⅱ/Ⅰ, and p62).Additionally, PCBP1 overexpression is induced by cell transfection, and the expression of PCBP1 is examined by Western blot to verify the effect of BZYQD on PCBP1 and its interaction in the ferritinophagy pathway and ferroptosis. || PCBP1: Buzhong yiqi decoction improves cisplatin resistance in non-small cell lung cancer by inhibiting PCBP1 to activate the ferritinophagy-mediated ferroptosis pathway.. The impact of BZYQD on the ferritinophagy pathway was assessed by Western blot analysis of ferritinophagy-related proteins (FTH1, NCOA4, LC3Ⅱ/Ⅰ, and p62).Additionally, PCBP1 overexpression is induced by cell transfection, and the expression of PCBP1 is examined by Western blot to verify the effect of BZYQD on PCBP1 and its interaction in the ferritinophagy pathway and ferroptosis.										
补中益气汤	40701420	2025-07-21	2025	Zhuling Yanzong formula ameliorates obesity-induced oligoasthenozoospermia via regulating HSL/StAR and HSL/TIMP-1.	Journal of ethnopharmacology	10.1016/j.jep.2025.120319	Journal Article	manual_review	formula_alias_not_in_title	candidate_experimental	biological_model | perturbation | protein_assay | computational_component													
补中益气汤	41031496	2025-09-30	2025	Exploring the Mechanism of Bu Zhong Yi Qi Decoction in Treating Sepsis-induced Acute Lung Injury based on Network Pharmacology and Experimental Verification.	Current pharmaceutical design	10.2174/0113816128397243250902131510	Journal Article	manual_review	formula_alias_not_in_title	candidate_experimental	biological_model | protein_assay | transcript_assay | computational_component	AKT1 | IL1B | MB | TNF	AKT1:U | IL1B:U | MB:1 | TNF:1	AKT1: Stigmasterol, quercetin, and isorhamnetin are the core components of BZYQD, PPI analysis shows that AKT1, IL6, TNF, and IL1B are the core targets of BZYQD for treating S-ALI, and molecular docking results show that the core components have high binding activity with the target; Enrichment analysis shows that these core targets are related to the TNF signaling pathway. || IL1B: Stigmasterol, quercetin, and isorhamnetin are the core components of BZYQD, PPI analysis shows that AKT1, IL6, TNF, and IL1B are the core targets of BZYQD for treating S-ALI, and molecular docking results show that the core components have high binding activity with the target; Enrichment analysis shows that these core targets are related to the TNF signaling pathway. || MB: HE staining was used to visualize the pathology of lung tissue in each group; ELISA was used to detect the levels of inflammatory factors (IL-1β, IL-6, IL-8, NF-κB and TNF-α) and oxidative stressrelated factors (LDH, CK-MB, SOD, GSH-Px); The qPCR and Western blot were used to examine the mRNA and protein expression of IL-1β, IL-6, TNF-α NF-κB, p-NF-κB, PI3K, p-PI3K, AKT, and IKKα. In vivo experimental studies have found that BZYQD can improve the degree of inflammatory infiltration and edema in lung tissue of S-ALI model mice, reduce the expression of IL-6, IL-1β, IL-8, TNF-α, LDH, CK-MB, and  || TNF: HE staining was used to visualize the pathology of lung tissue in each group; ELISA was used to detect the levels of inflammatory factors (IL-1β, IL-6, IL-8, NF-κB and TNF-α) and oxidative stressrelated factors (LDH, CK-MB, SOD, GSH-Px); The qPCR and Western blot were used to examine the mRNA and protein expression of IL-1β, IL-6, TNF-α NF-κB, p-NF-κB, PI3K, p-PI3K, AKT, and IKKα. Stigmasterol, quercetin, and isorhamnetin are the core components of BZYQD, PPI analysis shows that AKT1, IL6, TNF, and IL1B are the core targets of BZYQD for treating S-ALI, and molecular docking results show that t										
补中益气汤	41116264	2025-10-15	2025	Buzhong Yiqi Decoction Regulates Th17 Cells Differentiation in Autoimmune Thyroiditis through PTEN/AKT-immunometabolism Axis.	Endocrine, metabolic & immune disorders drug targets	10.2174/0118715303388096250914111152	Journal Article	eligible	exact_title_alias:Buzhong Yiqi Decoction	candidate_experimental	biological_model | protein_assay	HK2 | LDHA | PTEN	HK2:1 | LDHA:U | PTEN:U	HK2: Western blotting analyzed PTEN, p-PI3K/PI3K, p-AKT/AKT, GLUT1, HK2, PKM2, and LDHA protein expression in thyroid tissues. Immunofluorescence staining localized the expression of HK2 and RORγt in thyroid sections. || LDHA: Western blotting analyzed PTEN, p-PI3K/PI3K, p-AKT/AKT, GLUT1, HK2, PKM2, and LDHA protein expression in thyroid tissues. Mechanistically, BZYQ upregulated PTEN expression to suppress downstream p-PI3K, p-AKT, GLUT1, HK2, PKM2, and LDHA expression, thereby achieving regulation of immunometabolic pathways. || PTEN: Buzhong Yiqi Decoction Regulates Th17 Cells Differentiation in Autoimmune Thyroiditis through PTEN/AKT-immunometabolism Axis.. Western blotting analyzed PTEN, p-PI3K/PI3K, p-AKT/AKT, GLUT1, HK2, PKM2, and LDHA protein expression in thyroid tissues.										
补中益气汤	41330182	2025-11-27	2025	Multi-target mechanisms of Bojungikki-tang in psoriasis-like dermatitis: Integrative network and transcriptomic analysis.	Phytomedicine : international journal of phytotherapy and phytopharmacology	10.1016/j.phymed.2025.157619	Journal Article	exclude	formula_alias_not_relocated	candidate_experimental	biological_model | transcript_assay | computational_component	PLA2G4D	PLA2G4D:U	PLA2G4D: Moreover, BJT regulated the expression of PLA2G4D, an enzyme of the arachidonic acid (AA) pathway, as well as other enzymes involved in this pathway, including COX-2.										
补中益气汤	41415071	2025-11-15	2025	Exploring the potential of Buzhong Yiqi decoction in the treatment of membranous nephropathy: a comprehensive study combining bioinformatics, network pharmacology, and experimental validation.	American journal of translational research	10.62347/FFEN1563	Journal Article	eligible	exact_title_alias:Buzhong Yiqi Decoction	candidate_experimental	biological_model | protein_assay | computational_component	NFKBIA	NFKBIA:U	NFKBIA: Screening identified MYC and NFKBIA as core targets, primarily enriched in B-cell receptor signaling.										
桂枝汤	36652817	2023-01-11	2023	Deciphering mechanism of Zhishi-Xiebai-Guizhi Decoction against hypoxia/reoxygenation injury in cardiomyocytes by cell metabolomics: Regulation of oxidative stress and energy acquisition.	Journal of chromatography. B, Analytical technologies in the biomedical and life sciences	10.1016/j.jchromb.2023.123603	Journal Article	exclude	title_prefixed_formula_variant | alias:Guizhi Decoction	candidate_experimental	biological_model													
桂枝汤	36760992	2023-01-25	2023	Molecular mechanisms of the Guizhi decoction on osteoarthritis based on an integrated network pharmacology and RNA sequencing approach with experimental validation.	Frontiers in genetics	10.3389/fgene.2023.1079631	Journal Article	eligible	exact_title_alias:Guizhi Decoction	candidate_experimental	biological_model | protein_assay | transcript_assay | computational_component	MMP3 | MMP9 | SOX9 | TNF	MMP3:U | MMP9:U | SOX9:U | TNF:1	MMP3: When compared with the OA group in vivo and in vitro, the mRNA levels of TNF-α, IL-1β, IL-6, matrix metalloproteinase 3 (MMP3), and matrix metalloproteinase 9 (MMP9) were all downregulated in the GZD group (all p < 0.05). || MMP9: When compared with the OA group in vivo and in vitro, the mRNA levels of TNF-α, IL-1β, IL-6, matrix metalloproteinase 3 (MMP3), and matrix metalloproteinase 9 (MMP9) were all downregulated in the GZD group (all p < 0.05). The expression levels of anabolic proteins (Col2α1 and SOX9) were all higher in the GZD group than in the OA group (p < 0.05), while the expression levels of the catabolic proteins (MMP9 and COX-2) and TNF-α in the GZD group were significantly lower than those in the OA group (p < 0.05). || SOX9: The expression levels of anabolic proteins (Col2α1 and SOX9) were all higher in the GZD group than in the OA group (p < 0.05), while the expression levels of the catabolic proteins (MMP9 and COX-2) and TNF-α in the GZD group were significantly lower than those in the OA group (p < 0.05). || TNF: We verified the mRNA and protein expressions of the key targets related to the TNF signaling pathways in vivo and in vitro by qPCR, Western blotting (WB), and immunofluorescence assay. In addition, we also detected inflammatory cytokines in the rat serum by Luminex liquid suspension chip, which included tumor necrosis factor-α (TNF-α), interleukin-6 (IL-6), and interleukin-1β (IL-1β).										
桂枝汤	37158290	2023-12	2023	Gualou Guizhi decoction promotes therapeutic angiogenesis via the miR210/HIF/VEGF pathway	Pharmaceutical biology	10.1080/13880209.2023.2204142	Journal Article	exclude	title_prefixed_formula_variant | alias:Guizhi Decoction	candidate_experimental	biological_model | perturbation | protein_assay													
桂枝汤	37303648	2023-05-15	2023	Huangqi Guizhi Wuwu decoction improves hemorheology and inhibits inflammatory response after PCI for acute myocardial infarction.	American journal of translational research		Journal Article	manual_review	formula_alias_not_in_title	candidate_experimental	biological_model	CRP | TNF	CRP:U | TNF:U	CRP: The two groups were compared as to changes in serum inflammatory factors [tumor necrosis factor-α (TNF-α), high-sensitivity C-reactive protein (hs-CRP), and interleukin-6 (IL-6)] before and after therapy. After therapy, the study group had significantly lower levels of TNF-α, hs-CRP, IL-6, fibrinogen, plasma viscosity, WBLSV, and WBHSV than the control group (all P < 0.05), and showed lower LVEDD and LVESD levels and a higher LVEF level than the control group. || TNF: The two groups were compared as to changes in serum inflammatory factors [tumor necrosis factor-α (TNF-α), high-sensitivity C-reactive protein (hs-CRP), and interleukin-6 (IL-6)] before and after therapy. After therapy, the study group had significantly lower levels of TNF-α, hs-CRP, IL-6, fibrinogen, plasma viscosity, WBLSV, and WBHSV than the control group (all P < 0.05), and showed lower LVEDD and LVESD levels and a higher LVEF level than the control group.										
桂枝汤	38037139	2023-11-30	2023	Extensive preclinical evaluation of combined mangiferin and glycyrrhizic acid for restricting synovial neovascularization in rheumatoid arthritis.	Chinese medicine	10.1186/s13020-023-00863-0	Journal Article	manual_review	formula_alias_not_in_title	candidate_experimental	binding_activity | biological_model | transcript_assay | computational_component	SRC | VEGFA	SRC:U | VEGFA:U	SRC: VEGFA/VEGFR2/SRC/PI3K/AKT signal axis was screened as one of the key network targets of BHGZD against synovial neovascularization in RA. Mangiferin (MG) and glycyrrhizic acid (GA) were identified as the representative BACs of BHGZD for their strong binding affinities with components of the VEGFA/VEGFR2/SRC/PI3K/AKT signal axis, and their high exposed quantity in vivo. || VEGFA: VEGFA/VEGFR2/SRC/PI3K/AKT signal axis was screened as one of the key network targets of BHGZD against synovial neovascularization in RA. Mangiferin (MG) and glycyrrhizic acid (GA) were identified as the representative BACs of BHGZD for their strong binding affinities with components of the VEGFA/VEGFR2/SRC/PI3K/AKT signal axis, and their high exposed quantity in vivo.										
桂枝汤	38181229	2024-01-05	2024	Exploring the potential molecular mechanism of Gualou Guizhi decoction in the treatment of rheumatoid arthritis based on network pharmacology and molecular docking.	Medicine	10.1097/MD.0000000000036844	Journal Article	exclude	title_prefixed_formula_variant | alias:Guizhi Decoction	manual_review	computational_only_possible	CCL2 | CXCL8 | VEGFA	CCL2:U | CXCL8:U | VEGFA:U	CCL2: The therapeutic effect of GGD for RA is achieved by affecting the core targets such as VEGFA, IL-1β, IL6, CXCL8, CCL2, and JUN, which together interfere with the tumor necrosis factor signaling pathway and RA pathway to treat RA. || CXCL8: The therapeutic effect of GGD for RA is achieved by affecting the core targets such as VEGFA, IL-1β, IL6, CXCL8, CCL2, and JUN, which together interfere with the tumor necrosis factor signaling pathway and RA pathway to treat RA. || VEGFA: The therapeutic effect of GGD for RA is achieved by affecting the core targets such as VEGFA, IL-1β, IL6, CXCL8, CCL2, and JUN, which together interfere with the tumor necrosis factor signaling pathway and RA pathway to treat RA.										
桂枝汤	38754214	2024-04-24	2024	Five-layer-funnel filtering mode discovers effective components of Chinese medicine formulas: Zhishi-Xiebai-Guizhi decoction as a case study.	Phytomedicine : international journal of phytotherapy and phytopharmacology	10.1016/j.phymed.2024.155678	Journal Article	exclude	title_prefixed_formula_variant | alias:Guizhi Decoction	candidate_experimental	biological_model | computational_component													
桂枝汤	38867532	2024	2024	Exploring the Mechanism of Zhishi-Xiebai-Guizhi Decoction for the Treatment of Hypoxic Pulmonary Hypertension based on Network Pharmacology and Experimental Analyses.	Current pharmaceutical design	10.2174/0113816128293601240523063527	Journal Article	exclude	title_prefixed_formula_variant | alias:Guizhi Decoction	candidate_experimental	biological_model | computational_component													
桂枝汤	38885915	2024-06-15	2024	Mechanism of Zhishi Xiebai Guizhi decoction to treat atherosclerosis: Insights into experiments, network pharmacology and molecular docking.	Journal of ethnopharmacology	10.1016/j.jep.2024.118466	Journal Article	exclude	title_prefixed_formula_variant | alias:Guizhi Decoction	candidate_experimental	biological_model | protein_assay | computational_component													
桂枝汤	38941796	2024-06-25	2024	Identifying isomers in Chinese traditional medicine via density functional theory and ion fragmentation simulation software QCxMS.	Journal of chromatography. A	10.1016/j.chroma.2024.465122	Journal Article	manual_review	formula_alias_not_in_title	manual_review	no_abstract_assay_signal													
桂枝汤	39098621	2024-08-06	2024	An integrative pharmacology-based study on the efficacy and mechanism of essential oil of Chaihu Guizhi Decoction on influenza A virus induced pneumonia in mice.	Journal of ethnopharmacology	10.1016/j.jep.2024.118654	Journal Article	exclude	title_prefixed_formula_variant | alias:Guizhi Decoction	candidate_experimental	biological_model | transcript_assay | computational_component													
桂枝汤	39278296	2024-09-13	2024	Chaihu Guizhi Decoction prevents cognitive, memory impairments and sensorimotor gating deficit induced by N-methyl-d-aspartate receptor antibody in mice.	Journal of ethnopharmacology	10.1016/j.jep.2024.118806	Journal Article	exclude	title_prefixed_formula_variant | alias:Guizhi Decoction	candidate_experimental	biological_model | protein_assay | computational_component													
桂枝汤	39696593	2024-12-19	2024	Zhishi Xiebai Guizhi Decoction modulates hypoxia and lipid toxicity to alleviate pulmonary vascular remodeling of pulmonary hypertension in rats.	Chinese medicine	10.1186/s13020-024-01039-0	Journal Article	exclude	title_prefixed_formula_variant | alias:Guizhi Decoction	candidate_experimental	biological_model													
桂枝汤	39701768	2024-10	2024	[Effect of Zhishi Xiebai Guizhi Decoction on phenotypic transformation of pulmonary artery smooth muscle cells in rats with hypoxic pulmonary hypertension].	Zhongguo Zhong yao za zhi = Zhongguo zhongyao zazhi = China journal of Chinese materia medica	10.19540/j.cnki.cjcmm.20240611.703	English Abstract | Journal Article	exclude	title_prefixed_formula_variant | alias:Guizhi Decoction	candidate_experimental	biological_model | protein_assay													
桂枝汤	39765191	2025-01-02	2025	Exploring the potential mechanism of action of Wutou-Guizhi decoction in the treatment of rheumatoid arthritis through network pharmacology analysis.	Computational biology and chemistry	10.1016/j.compbiolchem.2024.108314	Journal Article | Research Support, Non-U.S. Gov't	exclude	title_prefixed_formula_variant | alias:Guizhi Decoction	candidate_experimental	protein_assay | transcript_assay | computational_component	MAPK8 | MMP1 | MMP3 | MMP9 | TNF	MAPK8:1 | MMP1:1 | MMP3:1 | MMP9:1 | TNF:1	MAPK8: Subsequent qPCR analysis revealed that stigmasterol, a principal constituent of WTGZD, exhibited inhibitory effects on the expression of various RA-related factors, such as TNF-α, IL-1β, MAPK8, MMP1, MMP3, and MMP9. Moreover, WTGZD effectively mitigated the increased protein expression of MMP-1 and MAPK8 induced by LPS stimulation, both of which are integral components of the IL-17 signaling pathway. || MMP1: Subsequent qPCR analysis revealed that stigmasterol, a principal constituent of WTGZD, exhibited inhibitory effects on the expression of various RA-related factors, such as TNF-α, IL-1β, MAPK8, MMP1, MMP3, and MMP9. || MMP3: Subsequent qPCR analysis revealed that stigmasterol, a principal constituent of WTGZD, exhibited inhibitory effects on the expression of various RA-related factors, such as TNF-α, IL-1β, MAPK8, MMP1, MMP3, and MMP9. || MMP9: Subsequent qPCR analysis revealed that stigmasterol, a principal constituent of WTGZD, exhibited inhibitory effects on the expression of various RA-related factors, such as TNF-α, IL-1β, MAPK8, MMP1, MMP3, and MMP9. || TNF: Subsequent qPCR analysis revealed that stigmasterol, a principal constituent of WTGZD, exhibited inhibitory effects on the expression of various RA-related factors, such as TNF-α, IL-1β, MAPK8, MMP1, MMP3, and MMP9.										
桂枝汤	39988642	2025-02-23	2025	Metabolomics Analysis of Urine and 16S rRNA Sequencing of Gut Microbiota in Rats With Blood Stasis Syndrome After Intervention With Danggui-Guizhi Decoction and Dispensing Granules.	Phytochemical analysis : PCA	10.1002/pca.3518	Journal Article	exclude	title_prefixed_formula_variant | alias:Guizhi Decoction	candidate_experimental	biological_model													
桂枝汤	40466439	2025-06-03	2025	Baihu Guizhi decoction alleviates inflammation in rats with acute gouty arthritis by targeting miR-17-5p to regulate the TLR4/Myd88/NF-κB signaling pathway.	Clinics (Sao Paulo, Brazil)	10.1016/j.clinsp.2025.100665	Journal Article	exclude	title_prefixed_formula_variant | alias:Guizhi Decoction	candidate_experimental	biological_model | protein_assay | transcript_assay	TLR4 | TNF	TLR4:1 | TNF:1	TLR4: Baihu Guizhi decoction alleviates inflammation in rats with acute gouty arthritis by targeting miR-17-5p to regulate the TLR4/Myd88/NF-κB signaling pathway.. TLR4 and MyD88 were measured by RT-qPCR and Western blotting in the synovial tissue. || TNF: Meanwhile, TNF-α, IL-1β, and IL-6 levels were detected by ELISA in the abdominal aorta. In AGA rats, the diameter of the right ankle joint and levels of TNF-α, IL-1β, and IL-6 in joint soft tissues were increased.										
桂枝汤	40603921	2025-07-02	2025	Deciphering the angiogenic potential of Zhishi Xiebai Guizhi decoction in coronary heart disease: an in-depth network pharmacology and experimental investigation.	Scientific reports	10.1038/s41598-025-05379-1	Journal Article	exclude	title_prefixed_formula_variant | alias:Guizhi Decoction	candidate_experimental	biological_model | computational_component	HMGCR | LDLR	HMGCR:U | LDLR:U	HMGCR: 11.7%) correlated with predicted network targets, including LDLR and HMGCR. || LDLR: 11.7%) correlated with predicted network targets, including LDLR and HMGCR.										
桂枝汤	40810222	2025-08	2025	Effect of Jiawei Huangqi Guizhi decoction on the expression of gastrin content and phosphatidylinositol 3-kinase/ protein kinase B/mechanistic target of rapamycin complex 2 signalling pathways in rats with chronic atrophic gastritis.	Journal of traditional Chinese medicine = Chung i tsa chih ying wen pan	10.19852/j.cnki.jtcm.2025.04.007	Journal Article	exclude	title_prefixed_formula_variant | alias:Guizhi Decoction	candidate_experimental	biological_model | protein_assay													
桂枝汤	41031176	2025-09-24	2025	Validate the Treatment of Crohn's Disease with Chaihu Guizhi Decoction Through Network Pharmacology, Molecular Dynamics Simulation, and in vivo Experiments.	Journal of inflammation research	10.2147/JIR.S544465	Journal Article	exclude	title_prefixed_formula_variant | alias:Guizhi Decoction	candidate_experimental	biological_model | protein_assay | computational_component	PTGS2 | TNF	PTGS2:1 | TNF:1	PTGS2: We found that the complex of quercetin and PTGS2 protein is relatively stable, which may be a therapeutic target. Through network pharmacology, molecular dynamics simulations, and Western blot experiments, it was demonstrated that quercetin can treat inflammatory bowel disease by affecting the expression of PTGS2 and IL-1B proteins. || TNF: ELISA results demonstrated that CGD and quercetin markedly reduced the expression of pro-inflammatory cytokines, including IL-6, IL-1β, and TNF-α (p < 0.05).										
桂枝汤	41067321	2025-10-09	2025	Chaihu Guizhi decoction alleviates H1N1 influenza virus and Staphylococcus aureus co-infection in mice by reducing inflammatory cytokines and regulating Th17/Treg balance.	Journal of ethnopharmacology	10.1016/j.jep.2025.120711	Journal Article	exclude	title_prefixed_formula_variant | alias:Guizhi Decoction	candidate_experimental	biological_model | protein_assay | transcript_assay													
桂枝汤	41139445	2025-10-20	2025	[Modified	Nan fang yi ke da xue xue bao = Journal of Southern Medical University	10.12122/j.issn.1673-4254.2025.10.11	English Abstract | Journal Article	exclude	modified_or_combined_formula	candidate_experimental	biological_model | protein_assay | transcript_assay | computational_component	JAK2 | STAT3	JAK2:1 | STAT3:1	JAK2: The changes in mRNA expressions of the clock genes and inflammatory markers and expressions of the JAK2/STAT3 signaling proteins were detected using RT-qPCR and Western blotting, and immunofluorescence staining was used to detect microglia activation in the mice. GO analysis identified 607 enriched pathways, and KEGG pathway enrichment revealed significant involvement of the JAK2/STAT3 and NF-κB signaling pathways. || STAT3: The changes in mRNA expressions of the clock genes and inflammatory markers and expressions of the JAK2/STAT3 signaling proteins were detected using RT-qPCR and Western blotting, and immunofluorescence staining was used to detect microglia activation in the mice. GO analysis identified 607 enriched pathways, and KEGG pathway enrichment revealed significant involvement of the JAK2/STAT3 and NF-κB signaling pathways.										
桂枝汤	41204479	2025-11-07	2025	Effect of Chaihu Guizhi granules on clinical parameters and vascular endothelial function in patients with stable angina pectoris: A randomized, double-blind, placebo-controlled trial.	Medicine	10.1097/MD.0000000000045631	Journal Article | Randomized Controlled Trial	exclude	formula_alias_not_relocated	candidate_experimental	biological_model													
桂枝汤	41208318	2025-11-09	2025	Antiviral and immunomodulatory effects of Chaihu Guizhi decoction in an acute depression-like mouse model infected with influenza A virus.	Animal models and experimental medicine	10.1002/ame2.70095	Journal Article | Research Support, Non-U.S. Gov't	exclude	title_prefixed_formula_variant | alias:Guizhi Decoction	candidate_experimental	biological_model													
麻黄汤	37282895	2023-04	2023	[Research progress of Shegan Mahuang Decoction and predictive analysis on its Q-markers].	Zhongguo Zhong yao za zhi = Zhongguo zhongyao zazhi = China journal of Chinese materia medica	10.19540/j.cnki.cjcmm.20230302.201	English Abstract | Journal Article	exclude	title_prefixed_formula_variant | alias:Mahuang Decoction	manual_review	no_abstract_assay_signal													
麻黄汤	38135230	2023-12-20	2023	Multi-omics analysis of lung tissue metabolome and proteome reveals the therapeutic effect of Shegan Mahuang Decoction against asthma in rats.	Journal of ethnopharmacology	10.1016/j.jep.2023.117650	Journal Article	exclude	title_prefixed_formula_variant | alias:Mahuang Decoction	candidate_experimental	biological_model | perturbation	CRP	CRP:U	CRP: We evaluated the anti-inflammatory effect of SMD via testing the levels of immunoglobulin E (IgE), C-reactive protein (CRP), interleukin-4 (IL-4), interleukin-6 (IL-6) in serum and performing the hematoxylin-eosin (H&E) staining of lung tissue slices. The results showed that the SMD could significantly reduce the serum levels of IgE, CRP, IL-4, and IL-6 and attenuate the OVA-induced pathological changes in lung tissue.										
麻黄汤	38211999	2023-12	2023	[Improvement effect of Shegan Mahuang Decoction on rats with cold-induced asthma based on TRPV1/NRF-1/mtTFA pathway].	Zhongguo Zhong yao za zhi = Zhongguo zhongyao zazhi = China journal of Chinese materia medica	10.19540/j.cnki.cjcmm.20230831.403	English Abstract | Journal Article	exclude	title_prefixed_formula_variant | alias:Mahuang Decoction	candidate_experimental	biological_model | protein_assay | transcript_assay	TRPV1	TRPV1:1	TRPV1: [Improvement effect of Shegan Mahuang Decoction on rats with cold-induced asthma based on TRPV1/NRF-1/mtTFA pathway].. Real-time quantitative polymerase chain reaction(RT-PCR) was employed to assess the mRNA expression levels of transient receptor potential vanilloid subfamily member 1(TRPV1), nuclear respiratory factor 1(NRF-1), and mitochondrial transcription factor A(mtTFA) in lung tissues.										
麻黄汤	38950796	2024-06-29	2024	Shegan-Mahuang decoction ameliorates cold-induced asthma via regulating the proliferation and apoptosis of airway smooth muscle cells through TAS2R10: An in vivo and in vitro study.	Journal of ethnopharmacology	10.1016/j.jep.2024.118504	Journal Article	exclude	title_prefixed_formula_variant | alias:Mahuang Decoction	candidate_experimental	biological_model | perturbation | protein_assay | transcript_assay	CCK | TAS2R10	CCK:1 | TAS2R10:U	CCK: Assays in vitro including cell counting Kit-8 (CCK-8), ELISA, flow cytometry, TUNEL staining, RT-qPCR and WB were performed to investigate potential mechanism of SMD on the proliferation and apoptosis of ASMCs through upregulation of TAS2R10. || TAS2R10: Shegan-Mahuang decoction ameliorates cold-induced asthma via regulating the proliferation and apoptosis of airway smooth muscle cells through TAS2R10: An in vivo and in vitro study.. Given that SMD contains numerous bitter herbs and TAS2R10 expression in ASMCs remains consistently high, it is pertinent to explore whether SMD regulates ASMCs via TAS2R10 to exert its CA mechanism.										
麻黄汤	39575390	2024-11-07	2024	Investigation of the therapeutic effects and mechanisms of Houpo Mahuang Decoction on a mouse model of chronic obstructive pulmonary disease.	Frontiers in pharmacology	10.3389/fphar.2024.1448069	Journal Article	exclude	title_prefixed_formula_variant | alias:Mahuang Decoction	candidate_experimental	biological_model | protein_assay | transcript_assay | computational_component	TNF	TNF:1	TNF: Immunofluorescence was used to assess the levels of IL-6 and TNF-ɑ. Treatment with HPMHD improved lung morphology and structure, reduced inflammatory cell infiltration, and inhibited IL-6 and TNF-ɑ levels.										
麻黄汤	39805760	2024-12	2024	[Mechanism of inflammatory microecological response to TAS2R14/SIgA/TSLP in regulating epithelial cell barrier in cold asthma rats through lung-gut axis by using Shegan Mahuang Decoction and bitter and purging Chinese herbs].	Zhongguo Zhong yao za zhi = Zhongguo zhongyao zazhi = China journal of Chinese materia medica	10.19540/j.cnki.cjcmm.20240722.403	English Abstract | Journal Article	exclude	title_prefixed_formula_variant | alias:Mahuang Decoction	candidate_experimental	biological_model | perturbation | protein_assay	TAS2R14 | TNF | TSLP	TAS2R14:U | TNF:1 | TSLP:U	TAS2R14: [Mechanism of inflammatory microecological response to TAS2R14/SIgA/TSLP in regulating epithelial cell barrier in cold asthma rats through lung-gut axis by using Shegan Mahuang Decoction and bitter and purging Chinese herbs].. This study aimed to investigate the mechanism by which Shegan Mahuang Decoction(SGMH) and its bitter Chinese herbs(BCHs) regulated the lung-gut axis through the bitter taste receptor 14(TAS2R14)/secretory immunoglobulin A(SIgA)/thymic stromal lymphopoietin(TSLP) to intervene in the epithelial cell barrier of cold asthma rats. || TNF: The levels of IL-4, IL-5, IL-13, and TNF-α in serum, and sIgA in serum, intestinal, and bronchial mucosa were detected by enzyme-linked immunosorbent assay(ELISA). Moreover, serum levels of IL-4, IL-5, IL-13, and TNF-α were elevated, and sIgA levels in serum, intestine, and bronchial mucosa were significantly decreased. || TSLP: [Mechanism of inflammatory microecological response to TAS2R14/SIgA/TSLP in regulating epithelial cell barrier in cold asthma rats through lung-gut axis by using Shegan Mahuang Decoction and bitter and purging Chinese herbs].. This study aimed to investigate the mechanism by which Shegan Mahuang Decoction(SGMH) and its bitter Chinese herbs(BCHs) regulated the lung-gut axis through the bitter taste receptor 14(TAS2R14)/secretory immunoglobulin A(SIgA)/thymic stromal lymphopoietin(TSLP) to intervene in the epithelial cell barrier of cold asthma rats.										
麻黄汤	40725914	2025-07-25	2025	Exploring the molecular mechanism of Mahuang decoction against influenza: An integrated computational and experimental study.	Medicine	10.1097/MD.0000000000043439	Journal Article	eligible	exact_title_alias:Mahuang Decoction	manual_review	computational_only_possible	AKT1 | EGFR	AKT1:U | EGFR:U	AKT1: Network pharmacology studies revealed that AKT1, EGFR, and SRC are core targets of MHD in treating influenza, with kaempferol, quercetin, and luteolin as key compounds. || EGFR: Network pharmacology studies revealed that AKT1, EGFR, and SRC are core targets of MHD in treating influenza, with kaempferol, quercetin, and luteolin as key compounds.										
小柴胡汤	36934787	2023-03-18	2023	Bupleurum chinense exerts a mild antipyretic effect on LPS-induced pyrexia rats involving inhibition of peripheral TNF-α production.	Journal of ethnopharmacology	10.1016/j.jep.2023.116375	Journal Article	exclude	formula_alias_not_relocated	candidate_experimental	biological_model | protein_assay	TNF	TNF:1	TNF: Bupleurum chinense exerts a mild antipyretic effect on LPS-induced pyrexia rats involving inhibition of peripheral TNF-α production.. In vitro complement activation assay and the levels of TNF-α, IL-6, IL-1β, and C5a were determined by ELISA.										
小柴胡汤	37072090	2023-04-16	2023	Inhibiting virus replication and excessive inflammatory response: Mechanism of combined prescription of Ma-Xing-Shi-Gan decoction and Xiao-Chai-Hu decoction against influenza virus.	Journal of ethnopharmacology	10.1016/j.jep.2023.116481	Journal Article	exclude	formula_alias_not_relocated	candidate_experimental	biological_model | transcript_assay	CCL2 | CXCL10	CCL2:U | CXCL10:U	CCL2: SYHZ-treated mice had significantly lower levels of IL-1β, TNF-α, IL-6, CCL2, CXCL10 in lung and serum, and increased levels of multiple bioactive components in cecum. || CXCL10: SYHZ-treated mice had significantly lower levels of IL-1β, TNF-α, IL-6, CCL2, CXCL10 in lung and serum, and increased levels of multiple bioactive components in cecum.										
小柴胡汤	37172477	2023-04-26	2023	Xiao Chai Hu Tang alleviates the pancreatic tumorigenesis via improving the mtDNA N6-Methyladenine modification mediated mitochondrial dysfunction in Syrian hamster model.	Phytomedicine : international journal of phytotherapy and phytopharmacology	10.1016/j.phymed.2023.154840	Journal Article	eligible	exact_title_alias:Xiao Chai Hu	candidate_experimental	biological_model | protein_assay	ALKBH1	ALKBH1:U	ALKBH1: Using the TCGA database, the prognostic effect of mtDNA 6mA demethylation ALKBH1 expression on pancreatic cancer patients was analyzed. In addition, the lack of ALKBH1 mediated mtDNA 6mA increase, mtDNA coded genes down-expression and abnormal redox status were rescued by XCHT.										
小柴胡汤	37475019	2023-07-20	2023	Systems pharmacology dissection of pharmacological mechanisms of Xiaochaihu decoction against human coronavirus.	BMC complementary medicine and therapies	10.1186/s12906-023-04024-6	Journal Article	eligible	exact_title_alias:Xiaochaihu Decoction	candidate_experimental	biological_model	STAT3	STAT3:U	STAT3: An integrated pathway analysis revealed that the mechanism of XCHD against HCoVs is related to TLR signaling pathway, RIG-I-like receptor signaling pathway, cytoplasmic DNA sensing pathway, and IL-6/STAT3 pro-inflammatory signaling pathway.										
小柴胡汤	37683587	2023-08-19	2023	Insight into the mechanism of Xiao-Chai-Hu-Tang alleviates irinotecan-induced diarrhea based on regulating the gut microbiota and inhibiting Gut β-GUS.	Phytomedicine : international journal of phytotherapy and phytopharmacology	10.1016/j.phymed.2023.155040	Journal Article	exclude	formula_alias_not_relocated	candidate_experimental	binding_activity | biological_model | perturbation													
小柴胡汤	38434364	2024-02-20	2024	Anti-sepsis effect of Xiaochaihu decoction based on the TLR4/MyD88/NF-κB signalling pathway.	Heliyon	10.1016/j.heliyon.2024.e26712	Journal Article	eligible	exact_title_alias:Xiaochaihu Decoction	candidate_experimental	biological_model | protein_assay | transcript_assay	MYD88 | TLR4 | TNF | TRAF6	MYD88:U | TLR4:U | TNF:1 | TRAF6:U	MYD88: The results showed the excellent in vivo anti-inflammatory effects of Xiaochaihu decoction in LPS-induced septic mice, through down regulation of the gene and protein expression of TLR4, MYD88, TRAF6, IKK, IKBα and p65 and the subsequent reduction in the release of inflammatory mediators IL-6, IL-1β, TNF-α and NO. || TLR4: Anti-sepsis effect of Xiaochaihu decoction based on the TLR4/MyD88/NF-κB signalling pathway.. The aims of this study were to explore the protective effect of Xiaochaihu decoction in mice with sepsis induced by intraperitoneal injection; to explore its anti-inflammatory effect on the TLR4-MyD88-NF-κB signalling pathway; and to explore the main material basis of the anti-inflammatory effect of Xiaochaihu decoction, with the aim of supplementing and expanding the associated research and providing a scientific foundation for the clinical use of the decoction. || TNF: The effects of Xiaochaihu decoction on septic mice were analysed by measurements of white blood cells (WBC) and Platelets (PLT); Nitric Oxide (NO) level in serum; IL-6, IL-1β and TNF-α levels in serum; RT-PCR; Haematoxylin-Eosin (HE) immunohistochemistry; western blotting (WB). The results showed the excellent in vivo anti-inflammatory effects of Xiaochaihu decoction in LPS-induced septic mice, through down regulation of the gene and protein expression of TLR4, MYD88, TRAF6, IKK, IKBα and p65 and the subsequent reduction in the release of inflammatory mediators IL-6, IL-1β, TNF-α and NO. || TRAF6: The results showed the excellent in vivo anti-inflammatory effects of Xiaochaihu decoction in LPS-induced septic mice, through down regulation of the gene and protein expression of TLR4, MYD88, TRAF6, IKK, IKBα and p65 and the subsequent reduction in the release of inflammatory mediators IL-6, IL-1β, TNF-α and NO.										
小柴胡汤	38532341	2024	2024	Exploring the Effect of Xiao-Chai-Hu Decoction on Treating Psoriasis Based on Network Pharmacology and Experiment Validation.	Current pharmaceutical design	10.2174/0113816128288527240108110844	Journal Article | Research Support, Non-U.S. Gov't	exclude	formula_alias_not_relocated	candidate_experimental	biological_model | computational_component	CCL2 | CCND1 | CXCL8 | IL1B | KRT17 | MMP9 | STAT1	CCL2:U | CCND1:U | CXCL8:U | IL1B:U | KRT17:U | MMP9:U | STAT1:U	CCL2: 4 top-active components (quercetin, baicalein, wogonin and kaempferol) and 7 hub targets (IL1B, CXCL8, CCND1, FOS, MMP9, STAT1 and CCL2) were identified. || CCND1: 4 top-active components (quercetin, baicalein, wogonin and kaempferol) and 7 hub targets (IL1B, CXCL8, CCND1, FOS, MMP9, STAT1 and CCL2) were identified. || CXCL8: 4 top-active components (quercetin, baicalein, wogonin and kaempferol) and 7 hub targets (IL1B, CXCL8, CCND1, FOS, MMP9, STAT1 and CCL2) were identified. || IL1B: 4 top-active components (quercetin, baicalein, wogonin and kaempferol) and 7 hub targets (IL1B, CXCL8, CCND1, FOS, MMP9, STAT1 and CCL2) were identified. || KRT17: In imiquimod (IMQ)-induced psoriasis mouse models, XCHD could significantly improve psoriasis-like skin lesions, downregulate KRT17 and Ki67, and inhibit inflammation cytokines and VEGF. || MMP9: 4 top-active components (quercetin, baicalein, wogonin and kaempferol) and 7 hub targets (IL1B, CXCL8, CCND1, FOS, MMP9, STAT1 and CCL2) were identified. || STAT1: 4 top-active components (quercetin, baicalein, wogonin and kaempferol) and 7 hub targets (IL1B, CXCL8, CCND1, FOS, MMP9, STAT1 and CCL2) were identified.										
小柴胡汤	38742934	2024-05-13	2024	Mechanistic exploration and experimental validation of the Xiaochaihu decoction for the treatment of breast cancer by network pharmacology.	Aging	10.18632/aging.205798	Journal Article | Research Support, Non-U.S. Gov't	eligible	exact_title_alias:Xiaochaihu Decoction	candidate_experimental	biological_model | computational_component													
小柴胡汤	39027534	2024-06-22	2024	Integrating network pharmacology and experimental models to investigate the mechanisms of XCHD and YCSLS in preventing HUA progression via TLR4/MYD88/NF-κB signaling.	Heliyon	10.1016/j.heliyon.2024.e33416	Journal Article	manual_review	formula_alias_not_in_title	candidate_experimental	biological_model | computational_component	MYD88 | TLR4	MYD88:U | TLR4:U	MYD88: Integrating network pharmacology and experimental models to investigate the mechanisms of XCHD and YCSLS in preventing HUA progression via TLR4/MYD88/NF-κB signaling.. The findings indicate that the TLR4/MYD88/NF-κB signaling constitutes one of the potential crucial conduits engaged in XCHD and YCSLS-induced HUA mitigation. || TLR4: Integrating network pharmacology and experimental models to investigate the mechanisms of XCHD and YCSLS in preventing HUA progression via TLR4/MYD88/NF-κB signaling.. The findings indicate that the TLR4/MYD88/NF-κB signaling constitutes one of the potential crucial conduits engaged in XCHD and YCSLS-induced HUA mitigation.										
小柴胡汤	39069245	2024-07-26	2024	Investigating Xiaochaihu Decoction's fever-relieving mechanism via network pharmacology, molecular docking, dynamics simulation, and experiments.	Analytical biochemistry	10.1016/j.ab.2024.115629	Journal Article | Research Support, Non-U.S. Gov't	exclude	title_prefixed_formula_variant | alias:Xiaochaihu Decoction	candidate_experimental	biological_model | computational_component	AKT1 | MAPK1 | MAPK14 | RELA | STAT3 | TP53	AKT1:U | MAPK1:U | MAPK14:U | RELA:U | STAT3:U | TP53:U	AKT1: The TP53, STAT3, RELA, MAPK1, AKT1, TNF and MAPK14 as potential core targets of XCHD in fever treatment. || MAPK1: The TP53, STAT3, RELA, MAPK1, AKT1, TNF and MAPK14 as potential core targets of XCHD in fever treatment. || MAPK14: The TP53, STAT3, RELA, MAPK1, AKT1, TNF and MAPK14 as potential core targets of XCHD in fever treatment. || RELA: The TP53, STAT3, RELA, MAPK1, AKT1, TNF and MAPK14 as potential core targets of XCHD in fever treatment. || STAT3: The TP53, STAT3, RELA, MAPK1, AKT1, TNF and MAPK14 as potential core targets of XCHD in fever treatment. || TP53: The TP53, STAT3, RELA, MAPK1, AKT1, TNF and MAPK14 as potential core targets of XCHD in fever treatment.										
小柴胡汤	39197800	2024-08-27	2024	In vivo and in vitro study on the regulatory mechanism of XiaoChaiHu decoction on PANoptosis in sepsis-induced cardiomyopathy.	Journal of ethnopharmacology	10.1016/j.jep.2024.118740	Journal Article	eligible	exact_title_alias:Xiaochaihu Decoction	candidate_experimental	biological_model | perturbation | protein_assay | computational_component	TNF | ZBP1	TNF:U | ZBP1:2	TNF: In vitro studies, we demonstrated that XCHD-containing serum significantly suppressed the expression of inflammatory cytokines (IL-6, IL-1β, and TNF-α) in LPS-induced H9c2 cells. || ZBP1: Additionally, molecular docking was performed between the active components and ZBP1, a potential target protein. Overexpression of ZBP1 in H9c2 cells allowed for a deeper exploration of its role in modulating SIC-associated gene expression.										
小柴胡汤	39315211	2024-09-10	2024	Network pharmacology and bioinformatics approach to unravel the mechanism of Xiao-chai-hu-tang herbal formula in tinnitus treatment.	Heliyon	10.1016/j.heliyon.2024.e37584	Journal Article	exclude	formula_alias_not_relocated	candidate_experimental	biological_model | computational_component	CCND1 | HIF1A	CCND1:U | HIF1A:U	CCND1: Mendelian randomization analysis revealed that HIF1A (OR [95 % CI] = 0.78 [0.65, 0.94], P = 0.008) and CCND1 (OR [95 % CI] = 1.22 [1.00, 1.49], P = 0.04) exhibited significant results with tinnitus. || HIF1A: Mendelian randomization analysis revealed that HIF1A (OR [95 % CI] = 0.78 [0.65, 0.94], P = 0.008) and CCND1 (OR [95 % CI] = 1.22 [1.00, 1.49], P = 0.04) exhibited significant results with tinnitus. Molecular docking and molecular dynamics simulation of HIF1A and active ingredients demonstrated good binding efficacy.										
小柴胡汤	39500944	2024-11-06	2024	Target-centric analysis of hepatitis B: identifying key molecules and pathways for treatment.	Scientific reports	10.1038/s41598-024-76567-8	Journal Article	exclude	formula_alias_not_relocated	manual_review	computational_only_possible	AKT1 | MAPK1	AKT1:U | MAPK1:U	AKT1: The therapeutic effect of the active compound protoporphyrin in XCHT on hepatitis B were mediated through key targets such as AKT1, MAPK1, and LCK, as well as key signaling pathways like PI3K-Akt signaling pathway and Ras signaling pathway. || MAPK1: The therapeutic effect of the active compound protoporphyrin in XCHT on hepatitis B were mediated through key targets such as AKT1, MAPK1, and LCK, as well as key signaling pathways like PI3K-Akt signaling pathway and Ras signaling pathway.										
小柴胡汤	39981856	2025-02	2025	Xiao-Chai-Hu-Tang Ameliorates Depressive Symptoms via Modulating Neuro-Endocrine Network in Chronic Unpredictable Mild Stress-Induced Mice.	CNS neuroscience & therapeutics	10.1111/cns.70290	Journal Article | Research Support, Non-U.S. Gov't	exclude	formula_alias_not_relocated	candidate_experimental	biological_model | protein_assay | transcript_assay | computational_component	BDNF	BDNF:1	BDNF: Combining the results of molecular docking, RNA-seq, and western blot revealed that XCHT regulated nerve regeneration via BDNF/TrkB/CREB and PI3K/AKT signaling pathways.										
小柴胡汤	40204248	2025-04-07	2025	Xiao-Chai-Hu granule alleviates influenza virus-induced pneumonia by regulating TLR4-PI3K-Akt/p38 MAPK-NF-κB pathways.	Journal of ethnopharmacology	10.1016/j.jep.2025.119760	Journal Article	exclude	formula_alias_not_relocated	candidate_experimental	biological_model | computational_component	TLR4	TLR4:U	TLR4: Xiao-Chai-Hu granule alleviates influenza virus-induced pneumonia by regulating TLR4-PI3K-Akt/p38 MAPK-NF-κB pathways.. Western blotting analysis indicated that XCH markedly down-regulated the levels of NP, TLR4, p-Akt/Akt, p-p38/p38, p-p65/p65, which was in line with the predicted results.										
小柴胡汤	40221743	2025-04-12	2025	Molecular mechanisms of the Xiao-chai-hu-tang on chronic stress-induced colorectal cancer growth based on an integrated network pharmacology and RNA sequencing approach with experimental validation.	BMC complementary medicine and therapies	10.1186/s12906-025-04860-8	Journal Article	exclude	formula_alias_not_relocated	candidate_experimental	biological_model | protein_assay | transcript_assay | computational_component	JAK2 | STAT3	JAK2:U | STAT3:U	JAK2: Mechanistic studies revealed that XCHT inhibited the CRS-induced upregulation of IL-6, attenuated the IL-6/JAK2/STAT3 signaling pathway (p < 0.05), and suppressed glycolysis by downregulating glycolytic enzymes (p < 0.01). XCHT could reverse the tumor energy metabolism reprogramming and improve the inflammatory microenvironment in CRC under chronic stress through the IL-6/JAK2/STAT3 pathway. || STAT3: Mechanistic studies revealed that XCHT inhibited the CRS-induced upregulation of IL-6, attenuated the IL-6/JAK2/STAT3 signaling pathway (p < 0.05), and suppressed glycolysis by downregulating glycolytic enzymes (p < 0.01). XCHT could reverse the tumor energy metabolism reprogramming and improve the inflammatory microenvironment in CRC under chronic stress through the IL-6/JAK2/STAT3 pathway.										
小柴胡汤	40872800	2025-08-05	2025	Screening of Medicinal Herbs Identifies	Viruses	10.3390/v17081086	Journal Article	manual_review	formula_alias_not_in_title	candidate_experimental	biological_model													
小柴胡汤	41045801	2025-10-03	2025	Chaize mixture alleviates NAFLD by regulating Glipr2-related autophagy/NLRP3 signaling.	International immunopharmacology	10.1016/j.intimp.2025.115600	Journal Article	manual_review	formula_alias_not_in_title	candidate_experimental	biological_model	NLRP3	NLRP3:U	NLRP3: Chaize mixture alleviates NAFLD by regulating Glipr2-related autophagy/NLRP3 signaling.. In addition, CZM decreased microtubule-associated protein 1 light chain 3B (LC3B), p62, NLRP3, IL-1β, Caspase1 protein levels, and increased the levels of Beclin1.										
小柴胡汤	41224214	2025-12	2025	Exploring the Pharmacological Mechanisms of Xiaochaihu Tang in Treating Postmenopausal Osteoporosis: A Study Based on Network Pharmacology and Experimental Validation.	Biomedical chromatography : BMC	10.1002/bmc.70244	Journal Article	eligible	exact_title_alias:Xiaochaihu Tang	candidate_experimental	biological_model | computational_component													
小柴胡汤	41377151	2025-12-09	2025	Integrating network pharmacology, molecular docking and experimental validation to explore therapeutic targets for alleviating allergic rhinitis with anxiety and depressive behaviors.	RSC advances	10.1039/d5ra09128d	Journal Article	manual_review	formula_alias_not_in_title	candidate_experimental	biological_model | computational_component													
理中丸	37084637	2023-04-05	2023	Comparison of the molecular mechanisms of Fuzi Lizhong Pill and Huangqin decoction in the treatment of the cold and heat syndromes of ulcerative colitis based on network pharmacology.	Computers in biology and medicine	10.1016/j.compbiomed.2023.106870	Journal Article | Research Support, Non-U.S. Gov't	exclude	title_prefixed_formula_variant | alias:Lizhong pill	manual_review	computational_only_possible	AKT1 | CASP3 | MAPK3	AKT1:U | CASP3:U | MAPK3:U	AKT1: (4) 103 FLP-HQT-UC common targets, 168 of FLP-specific targets and 369 of HQT-specific targets had shared core targets (AKT1, MAPK3, TNF, JUN and CASP3) based on the PPI network analysis. || CASP3: (4) 103 FLP-HQT-UC common targets, 168 of FLP-specific targets and 369 of HQT-specific targets had shared core targets (AKT1, MAPK3, TNF, JUN and CASP3) based on the PPI network analysis. || MAPK3: (4) 103 FLP-HQT-UC common targets, 168 of FLP-specific targets and 369 of HQT-specific targets had shared core targets (AKT1, MAPK3, TNF, JUN and CASP3) based on the PPI network analysis.										
理中丸	37536648	2023-08-01	2023	Protective effect of Lizhong Pill on nonsteroidal anti-inflammatory drug-induced gastric mucosal injury in rats: Possible involvement of TNF and IL-17 signaling pathways.	Journal of ethnopharmacology	10.1016/j.jep.2023.116991	Journal Article	eligible	exact_title_alias:Lizhong pill	candidate_experimental	biological_model | protein_assay | computational_component	CASP3 | MAPK15 | MMP3 | TNF | VCAM1	CASP3:1 | MAPK15:1 | MMP3:1 | TNF:U | VCAM1:1	CASP3: At the same time, immunofluorescence was used to determine the protein expressions of CASP3, VCAM1, MAPK15, MMP3, IL-17RA, and TNFR1. Molecular docking analysis revealed that the small molecular components of LZP can bind spontaneously to crucial proteins involved in the IL-17 and TNF signaling pathways, including MAPK15, MMP3, VCAM1, and CASP3. || MAPK15: At the same time, immunofluorescence was used to determine the protein expressions of CASP3, VCAM1, MAPK15, MMP3, IL-17RA, and TNFR1. Molecular docking analysis revealed that the small molecular components of LZP can bind spontaneously to crucial proteins involved in the IL-17 and TNF signaling pathways, including MAPK15, MMP3, VCAM1, and CASP3. || MMP3: At the same time, immunofluorescence was used to determine the protein expressions of CASP3, VCAM1, MAPK15, MMP3, IL-17RA, and TNFR1. Molecular docking analysis revealed that the small molecular components of LZP can bind spontaneously to crucial proteins involved in the IL-17 and TNF signaling pathways, including MAPK15, MMP3, VCAM1, and CASP3. || TNF: Protective effect of Lizhong Pill on nonsteroidal anti-inflammatory drug-induced gastric mucosal injury in rats: Possible involvement of TNF and IL-17 signaling pathways.. Furthermore, molecular docking was employed to predict the binding capacity of the primary bioactive components of LZP to the critical molecular protein targets in the IL-17 and TNF signaling pathways. || VCAM1: At the same time, immunofluorescence was used to determine the protein expressions of CASP3, VCAM1, MAPK15, MMP3, IL-17RA, and TNFR1. Molecular docking analysis revealed that the small molecular components of LZP can bind spontaneously to crucial proteins involved in the IL-17 and TNF signaling pathways, including MAPK15, MMP3, VCAM1, and CASP3.										
理中丸	39089661	2024-07-31	2024	Fuzi lizhong pills alter microbial community compositions and metabolite profiles in ulcerative colitis rat with spleen-kidney yang deficiency syndrome.	Journal of ethnopharmacology	10.1016/j.jep.2024.118645	Journal Article	manual_review	formula_alias_not_in_title	candidate_experimental	biological_model													
理中丸	39486672	2024-10-31	2024	Traditional Chinese herbal formula, Fuzi-Lizhong pill, produces antidepressant-like effects in chronic restraint stress mice through systemic pharmacology.	Journal of ethnopharmacology	10.1016/j.jep.2024.119011	Journal Article	exclude	title_prefixed_formula_variant | alias:Lizhong pill	candidate_experimental	biological_model | protein_assay | computational_component	BDNF | CORT	BDNF:U | CORT:U	BDNF: Molecular docking analysis demonstrated that the main components of FLP bind to PI3K, AKT, mTOR, BDNF and MAPK. FLP upregulated proteins associated with BDNF-TrkB and PI3K/Akt/mTOR signaling and downregulated proteins associated with MAPK signaling. || CORT: Serum levels of CORT, IL-6, IL-1β, and TNF-α in CRS mice were significantly decreased following treatment with FLP.										
理中丸	39947366	2025-02-11	2025	Fuzi Lizhong Pill inhibited inflammatory response and promoted colon mucosal healing in dextran sulfate sodium-induced ulcerative colitis mice by down-regulating PI3K/AKT/NF-κB signaling pathway.	Journal of ethnopharmacology	10.1016/j.jep.2025.119483	Journal Article	exclude	title_prefixed_formula_variant | alias:Lizhong pill	candidate_experimental	biological_model | protein_assay | transcript_assay	TNF	TNF:U	TNF: In vitro and ex vivo studies showed that FLP inhibited the expression of TNF-α and IL-6, promoted the expression of the tight junction proteins ZO-1, Occludin, and Claudin 1, and promoted the proliferation of colonic epithelial cells in vivo.										
理中丸	40486277	2024-06-06	2024	Integrated serum pharmacochemistry and network pharmacology to reveal the kernel material basis and underlying mechanisms of the fuzi-lizhong pill for ulcerative colitis.	Journal of traditional and complementary medicine	10.1016/j.jtcme.2024.06.003	Journal Article	exclude	title_prefixed_formula_variant | alias:Lizhong pill	candidate_experimental	biological_model | computational_component	MPO | TNF	MPO:U | TNF:U	MPO: More specifically, FLZP was suggested to alleviate SKYD-UC through the regulation of targets associated with inflammation such as interleukin-6 (IL-6), myeloperoxidase (MPO), and tumor necrosis factor-α (TNF-α), while also regulating the mitogen-activated protein kinase (MAPK), TNF, and phosphoinositol-3 kinase-RAC-alpha serine/threonine-protein kinase (PI3K-Akt) pathways. || TNF: More specifically, FLZP was suggested to alleviate SKYD-UC through the regulation of targets associated with inflammation such as interleukin-6 (IL-6), myeloperoxidase (MPO), and tumor necrosis factor-α (TNF-α), while also regulating the mitogen-activated protein kinase (MAPK), TNF, and phosphoinositol-3 kinase-RAC-alpha serine/threonine-protein kinase (PI3K-Akt) pathways.										
四逆汤	36632225	2023-01-01	2023	Multiple mitochondria-targeted components screened from Sini decoction improved cardiac energetics and mitochondrial dysfunction to attenuate doxorubicin-induced cardiomyopathy.	Theranostics	10.7150/thno.80066	Journal Article | Research Support, Non-U.S. Gov't	eligible	exact_title_alias:Sini Decoction	candidate_experimental	biological_model													
四逆汤	36959128	2023	2023	Sini Decoction Inhibits Tumor Progression and Enhances the Anti-Tumor Immune Response in a Murine Model of Colon Cancer.	Combinatorial chemistry & high throughput screening	10.2174/1386207326666230320103437	Journal Article | Research Support, Non-U.S. Gov't	eligible	exact_title_alias:Sini Decoction	candidate_experimental	biological_model | perturbation | protein_assay	EGFR | TNF	EGFR:2 | TNF:U	EGFR: Functional analyses showed that the genes were associated with the PI3K-Akt signaling pathway, EGFR tyrosine kinase inhibitor resistance, and HIF-1 signaling pathway. || TNF: Cytokine mRNA expression (interleukin-2 (IL-2), interleukin-10 (IL-10), interferon-gamma (IFN-γ), and tumor necrosis factor beta (TNF-β)) were determined using real-time reverse transcription polymerase chain reaction.										
四逆汤	37818184	2023-09-25	2023	Integrated network analysis and metabolomics reveal the molecular mechanism of Yinchen Sini decoction in CCl	Frontiers in pharmacology	10.3389/fphar.2023.1221046	Journal Article	exclude	title_prefixed_formula_variant | alias:Sini Decoction	candidate_experimental	biological_model | transcript_assay	TNF	TNF:U	TNF: Additionally, the Kyoto Encyclopedia of Genes and Genome (KEGG) pathway enrichment analysis identified five pathways related to liver injury, including the PI3K-AKT, MAPK, HIF-1, apoptosis, and TNF signaling pathways.										
四逆汤	38029626	2023-11-12	2023	Exploring the efficacious constituents and underlying mechanisms of sini decoction for sepsis treatment through network pharmacology and multi-omics.	Phytomedicine : international journal of phytotherapy and phytopharmacology	10.1016/j.phymed.2023.155212	Journal Article	eligible	exact_title_alias:Sini Decoction	candidate_experimental	biological_model | computational_component	CX3CR1 | HMOX1 | IL16	CX3CR1:U | HMOX1:U | IL16:U	CX3CR1: An analysis of WGCNA identified CX3CR1 as a key gene influencing sepsis prognosis. Shared targets between SND and CX3CR1 high-expression gene modules were found through the GEO database. || HMOX1: HMOX1, a co-expressed gene in SND and CX3CR1 high-expression gene module, plays a crucial role in sepsis survival. It reveals that SND's active component, quercetin and kaempferol, target HMOX1 via related pathways to regulate heme metabolism, reduce inflammation, inhibit ferroptosis, and improve immune function, ultimately improving sepsis prognosis. || IL16: Notably, intercellular interactions among immune cells primarily occur through paracrine and autocrine mechanisms in MIF, GALECTIN, and IL16 signaling pathways, modulating the immune-inflammatory microenvironment in sepsis.										
四逆汤	38212033	2023-12	2023	[Mechanism of Danggui Sini Decoction in improving kidney injury caused by blood stasis syndrome based on metabolomics and network pharmacology].	Zhongguo Zhong yao za zhi = Zhongguo zhongyao zazhi = China journal of Chinese materia medica	10.19540/j.cnki.cjcmm.20220811.701	English Abstract | Journal Article	exclude	title_prefixed_formula_variant | alias:Sini Decoction	candidate_experimental	biological_model | computational_component	ACLY | NOS2	ACLY:U | NOS2:U	ACLY: Network pharmacology analysis suggested that the protective effect of DSD against BSS-induced kidney injury might be related to two key genes, ATP citrate lyase(ACLY) and nitric oxide synthase 2(NOS2), and two main metabolic pathways, i.e., arginine biosynthesis, and arginine and proline metabolism. || NOS2: Network pharmacology analysis suggested that the protective effect of DSD against BSS-induced kidney injury might be related to two key genes, ATP citrate lyase(ACLY) and nitric oxide synthase 2(NOS2), and two main metabolic pathways, i.e., arginine biosynthesis, and arginine and proline metabolism.										
四逆汤	38504542	2024-04	2024	Network pharmacology and experimental validation to reveal the pharmacological mechanisms of Sini decoction against renal fibrosis.	Journal of traditional Chinese medicine = Chung i tsa chih ying wen pan	10.19852/j.cnki.jtcm.20230630.003	Journal Article	eligible	exact_title_alias:Sini Decoction	candidate_experimental	biological_model | perturbation | computational_component													
四逆汤	38584284	2024-04-07	2024	Danggui Sini decoction alleviates oxaliplatin-induced peripheral neuropathy by regulating gut microbiota and potentially relieving neuroinflammation related metabolic disorder.	Chinese medicine	10.1186/s13020-024-00929-7	Journal Article	exclude	title_prefixed_formula_variant | alias:Sini Decoction	candidate_experimental	biological_model													
四逆汤	38711438	2024-04-29	2024	Homotherapy for Heteropathy: A Molecular Mechanism of Poria Sini Decoction for Treatment of Liver Cancer and Chronic Heart Failure.	Evidence-based complementary and alternative medicine : eCAM	10.1155/2024/9958258	Journal Article	exclude	title_prefixed_formula_variant | alias:Sini Decoction	manual_review	computational_only_possible	AKT1 | PSD | TP53	AKT1:U | PSD:U | TP53:U	AKT1: TNF, AKT1, and IL6, etc. Overall, quercetin and isorhamnetin were the main active components, and TNF and AKT1 were the primary targets for PSD treatment of LC and CHF. || PSD: Poria sini decoction (PSD), a significant traditional Chinese herbal formula, is effective in liver cancer (LC) and chronic heart failure (CHF); however, little is known about its concurrent targeting mechanism. This study analyzed the potential molecular mechanism of PSD against the two distinct diseases using network pharmacology approaches, including multidatabase search, pharmacokinetic screening, network construction analysis, Gene Ontology (GO) enrichment analysis, Kyoto Encyclopedia of Genes and Genomes (KEGG) pathway analysis, and molecular docking to elaborate the active components, s || TP53: This study illustrated that quercetin contained in PSD played an important role in the treatment of LC and CHF by acting on the key gene of TP53 and downregulating the PI3K-AKT signaling pathway.										
四逆汤	38858165	2024-06	2024	Study on the mechanism of quercetin in Sini Decoction Plus Ginseng Soup to inhibit liver cancer and HBV virus replication through CDK1.	Chemical biology & drug design	10.1111/cbdd.14567	Journal Article | Research Support, Non-U.S. Gov't	exclude	modified_or_combined_formula	candidate_experimental	biological_model | perturbation | protein_assay | computational_component	CCNB1 | CDK1	CCNB1:U | CDK1:U	CCNB1: Using AUC and survival analysis to evaluate the diagnostic and prognostic value of cyclin-dependent kinase 1 (CDK1) and CCNB1. Finally, the effects of quercetin on proliferation of Hep3B and HepG2215 cells and the level of CDK1 and CCNB1 were verified in vitro. || CDK1: Study on the mechanism of quercetin in Sini Decoction Plus Ginseng Soup to inhibit liver cancer and HBV virus replication through CDK1.. Using AUC and survival analysis to evaluate the diagnostic and prognostic value of cyclin-dependent kinase 1 (CDK1) and CCNB1.										
四逆汤	38921468	2024-06-14	2024	Metabolite Profiling Analysis of the Tongmai Sini Decoction in Rats after Oral Administration through UHPLC-Q-Exactive-MS/MS.	Metabolites	10.3390/metabo14060333	Journal Article	exclude	title_prefixed_formula_variant | alias:Sini Decoction	candidate_experimental	biological_model													
四逆汤	39059091	2024-05-17	2024	Danggui Sini Decoction normalizes the intestinal microbiota and serum metabolite levels to treat sciatica.	Phytomedicine : international journal of phytotherapy and phytopharmacology	10.1016/j.phymed.2024.155740	Journal Article	exclude	title_prefixed_formula_variant | alias:Sini Decoction	candidate_experimental	biological_model | protein_assay	CCL5 | IL10 | MMP9	CCL5:U | IL10:U | MMP9:U	CCL5: After CCI, the rats exhibited obvious thermal hyperalgesia; disruption of sciatic nerve structure; increased IL1α, SP, CCL5, and PGE2 levels; decreased IL10 levels in the blood; increased IL1β, IL6, COX2, MMP9, nNOS, and p-NF-κB levels; and decreased IL4 levels in the sciatic nerve. Correlation analysis indicated that Turicibacter abundance was most strongly related to IL1α, PGE2, IL10, and CCL5 levels, while norank_o_Coriobacteriales abundance had the weakest relationship with SP levels. || IL10: After CCI, the rats exhibited obvious thermal hyperalgesia; disruption of sciatic nerve structure; increased IL1α, SP, CCL5, and PGE2 levels; decreased IL10 levels in the blood; increased IL1β, IL6, COX2, MMP9, nNOS, and p-NF-κB levels; and decreased IL4 levels in the sciatic nerve. Correlation analysis indicated that Turicibacter abundance was most strongly related to IL1α, PGE2, IL10, and CCL5 levels, while norank_o_Coriobacteriales abundance had the weakest relationship with SP levels. || MMP9: After CCI, the rats exhibited obvious thermal hyperalgesia; disruption of sciatic nerve structure; increased IL1α, SP, CCL5, and PGE2 levels; decreased IL10 levels in the blood; increased IL1β, IL6, COX2, MMP9, nNOS, and p-NF-κB levels; and decreased IL4 levels in the sciatic nerve. DGSD reduced the levels of inflammatory factors, including IL1α, SP, CCL5, PGE2, IL6, COX2, and MMP9, in the blood and sciatic nerve and inhibited nNOS and NF-κB phosphorylation.										
四逆汤	39306882	2024-09-08	2024	Integrated metabolomics and lipidomics investigation of the mechanism of Danggui Sini Decoction on improving lipid homeostasis in primary dysmenorrhea.	Phytomedicine : international journal of phytotherapy and phytopharmacology	10.1016/j.phymed.2024.156034	Journal Article	exclude	title_prefixed_formula_variant | alias:Sini Decoction	candidate_experimental	biological_model | protein_assay	LOX | LPCAT3	LOX:U | LPCAT3:U	LOX: Moreover, the key metabolic enzymes expression of CK, PLA2, LPCAT3, COX-2, and 5-LOX can be greatly downregulated by DGSND. || LPCAT3: Moreover, the key metabolic enzymes expression of CK, PLA2, LPCAT3, COX-2, and 5-LOX can be greatly downregulated by DGSND.										
四逆汤	39468922	2024-10-28	2024	From complexity to clarity: development of CHM-FIEFP for predicting effective components in Chinese herbal formulas by using big data.	Cancer biology & medicine	10.20892/j.issn.2095-3941.2023.0442	Journal Article	manual_review	formula_alias_not_in_title	candidate_experimental	biological_model | computational_component													
四逆汤	39486393	2024-10-23	2024	Integration of four-dimensional proteomics and network pharmacology to reveal molecular mechanisms of multi-components multi-targets effects of Sini decoction on myocardial infarction.	Journal of pharmaceutical and biomedical analysis	10.1016/j.jpba.2024.116526	Journal Article	eligible	exact_title_alias:Sini Decoction	candidate_experimental	biological_model | computational_component													
四逆汤	39525010	2024-10-29	2024	Sini decoction-polysaccharide compound regulates proliferation, apoptosis, and glycolysis of liver cancer cells through PHLDA2/ANXA2.	Translational cancer research	10.21037/tcr-24-1625	Journal Article	eligible	exact_title_alias:Sini Decoction	candidate_experimental	biological_model | perturbation	ANXA2 | LDHA | PHLDA2	ANXA2:U | LDHA:U | PHLDA2:U	ANXA2: Sini decoction-polysaccharide compound regulates proliferation, apoptosis, and glycolysis of liver cancer cells through PHLDA2/ANXA2.. Databases including Multi-Experiment Matrix (MEM), HCCDB, LinkedOmics, and Gene Expression Profiling Interactive Analysis (GEPIA) were used to determine the correlation between PHLDA2 and ANXA2. || LDHA: SNDPC significantly weakened cell proliferation, facilitated cell apoptosis, and suppressed glycolysis by reducing glucose uptake, lactate concentration, ECAR, and the expressions of LDHA, HK2, and PKM2 in HCC cells. || PHLDA2: Sini decoction-polysaccharide compound regulates proliferation, apoptosis, and glycolysis of liver cancer cells through PHLDA2/ANXA2.. Databases including Multi-Experiment Matrix (MEM), HCCDB, LinkedOmics, and Gene Expression Profiling Interactive Analysis (GEPIA) were used to determine the correlation between PHLDA2 and ANXA2.										
四逆汤	39798342	2025-01-05	2025	mTOR/HIF-1α pathway-mediated glucose reprogramming and macrophage polarization by Sini decoction plus ginseng soup in ALF.	Phytomedicine : international journal of phytotherapy and phytopharmacology	10.1016/j.phymed.2025.156374	Journal Article	exclude	modified_or_combined_formula	candidate_experimental	biological_model | protein_assay | computational_component	CD163 | CD86 | CDK1 | GOT1 | HK2 | HMGB1 | LDHA | SOD1 | VEGFA	CD163:U | CD86:U | CDK1:U | GOT1:U | HK2:U | HMGB1:U | LDHA:U | SOD1:U | VEGFA:U	CD163: SNRS improved survival, reduced ALT/AST levels, alleviated liver injury, and modulated macrophage polarization by decreasing CD86 and increasing CD163 expression. || CD86: SNRS improved survival, reduced ALT/AST levels, alleviated liver injury, and modulated macrophage polarization by decreasing CD86 and increasing CD163 expression. || CDK1: Five key glycolysis-regulating genes (HK2, CDK1, SOD1, VEGFA, GOT1) were identified, with significant involvement in the HIF-1 signaling pathway. || GOT1: Five key glycolysis-regulating genes (HK2, CDK1, SOD1, VEGFA, GOT1) were identified, with significant involvement in the HIF-1 signaling pathway. || HK2: Glycolysis-related enzymes and metabolites, including HK2, PFK-1, PKM2, and LDHA, were quantified. Five key glycolysis-regulating genes (HK2, CDK1, SOD1, VEGFA, GOT1) were identified, with significant involvement in the HIF-1 signaling pathway. || HMGB1: AST, ALT, TNF-α, HMGB1, IL-1β, IL-6, and IL-10 levels were measured, and liver histopathology was assessed. || LDHA: Glycolysis-related enzymes and metabolites, including HK2, PFK-1, PKM2, and LDHA, were quantified. || SOD1: Five key glycolysis-regulating genes (HK2, CDK1, SOD1, VEGFA, GOT1) were identified, with significant involvement in the HIF-1 signaling pathway. || VEGFA: Five key glycolysis-regulating genes (HK2, CDK1, SOD1, VEGFA, GOT1) were identified, with significant involvement in the HIF-1 signaling pathway.										
四逆汤	39809170	2024-11-22	2024	Molecular docking and network pharmacology research on the Danggui Sini Decoction's mechanism of action for treating erectile dysfunction.	Medicine	10.1097/MD.0000000000040529	Journal Article	exclude	title_prefixed_formula_variant | alias:Sini Decoction	manual_review	computational_only_possible	BCL2 | TP53	BCL2:U | TP53:U	BCL2: Molecular docking revealed that beta-sitosterol exhibited the lowest binding energy with BCL2, indicating a more stable structure. This study demonstrates that DGSND's compounds stimulate NO synthesis and reduce inflammation and cell apoptosis to improve ED by acting on AKTI, ALB, IL6, TNF, TP53, and BCL2. || TP53: This study demonstrates that DGSND's compounds stimulate NO synthesis and reduce inflammation and cell apoptosis to improve ED by acting on AKTI, ALB, IL6, TNF, TP53, and BCL2.										
四逆汤	39922328	2025-02-06	2025	Sini decoction alleviates LPS-induced sepsis partly via restoration of metabolic impairments in the hypothalamic-pituitary-adrenal microenvironment.	Journal of ethnopharmacology	10.1016/j.jep.2025.119456	Journal Article	eligible	exact_title_alias:Sini Decoction	candidate_experimental	biological_model | protein_assay	CORT | CPT1A | CRH | IDO1 | LPCAT1	CORT:1 | CPT1A:U | CRH:1 | IDO1:U | LPCAT1:U	CORT: Serum inflammatory cytokines, corticotropin-releasing hormone (CRH), adrenocorticotropic hormone (ACTH) and corticosterone (CORT) were determined by ELISA. SND could decrease multiorgan injury-associated indicators, including serum creatine kinase, urea nitrogen, creatinine, lactate dehydrogenase, alanine aminotransferase, and aspartate aminotransferase, inhibit inflammatory cytokines IL-6 and TNF-α, regulate the serum levels of CRH, ACTH and CORT in LPS-induced septic rats, and alleviate the sepsis-induced morphological changes in the heart, liver, spleen, lung, and kidney and HPA tissues. || CPT1A: The results of western blotting analysis demonstrated that SND could decrease the expressions of LPCAT1 and IDO1 and increase the expressions of CPT1A and FAAH1 to regulate the above metabolic disorders. || CRH: Serum inflammatory cytokines, corticotropin-releasing hormone (CRH), adrenocorticotropic hormone (ACTH) and corticosterone (CORT) were determined by ELISA. SND could decrease multiorgan injury-associated indicators, including serum creatine kinase, urea nitrogen, creatinine, lactate dehydrogenase, alanine aminotransferase, and aspartate aminotransferase, inhibit inflammatory cytokines IL-6 and TNF-α, regulate the serum levels of CRH, ACTH and CORT in LPS-induced septic rats, and alleviate the sepsis-induced morphological changes in the heart, liver, spleen, lung, and kidney and HPA tissues. || IDO1: The results of western blotting analysis demonstrated that SND could decrease the expressions of LPCAT1 and IDO1 and increase the expressions of CPT1A and FAAH1 to regulate the above metabolic disorders. || LPCAT1: The results of western blotting analysis demonstrated that SND could decrease the expressions of LPCAT1 and IDO1 and increase the expressions of CPT1A and FAAH1 to regulate the above metabolic disorders.										
四逆汤	39949807	2024-03-26	2024	Sini decoction alleviates inflammation injury after myocardial infarction through regulating arachidonic acid metabolism.	Chinese herbal medicines	10.1016/j.chmed.2023.12.004	Journal Article	eligible	exact_title_alias:Sini Decoction	candidate_experimental	biological_model | protein_assay													
四逆汤	40081306	2025-03-10	2025	Quantitative method for intestinal short chain fatty acids based on stable isotope labeling combined with liquid chromatography-mass spectrometry.	Journal of pharmaceutical and biomedical analysis	10.1016/j.jpba.2025.116798	Journal Article	exclude	modified_or_combined_formula	candidate_experimental	biological_model													
四逆汤	40350918	2025-03	2025	[Protective effect of Sini Decoction in attenuating cryopreservation-induced injury of rats' sciatic nerves based on apoptosis and oxidative stress].	Zhongguo Zhong yao za zhi = Zhongguo zhongyao zazhi = China journal of Chinese materia medica	10.19540/j.cnki.cjcmm.20241209.501	English Abstract | Journal Article	eligible	exact_title_alias:Sini Decoction	candidate_experimental	biological_model | protein_assay	BDNF | CD4 | NGF | TNF	BDNF:1 | CD4:1 | NGF:1 | TNF:1	BDNF: Western blot was used to detect the expression of apoptosis-related proteins(Bcl-2, Bax, caspase-3, and caspase-8) and nerve regeneration proteins(NGF and BDNF) in vitro after cryopreservation. In the SH group, the protein expression of NGF and BDNF in vitro, as well as ATP, SOD, and GSH production, were significantly increased. || CD4: One week after transplantation, CD4~+ and CD8~+ fluorescent double staining assessed inflammatory cell invasion in the transplanted nerve segment, and ELISA evaluated the expression of serum inflammatory factors(IL-1, IFN-γ, and TNF-α) in recipients. In the rejection reaction one week after transplantation, compared to the fresh nerve transplantation group, the SL and SM groups showed reduced CD4~+ and CD8~+ T cell invasion in the transplanted nerve segment and down-regulated IL-1, IFN-γ, and TNF-α expression in recipient serum. || NGF: Western blot was used to detect the expression of apoptosis-related proteins(Bcl-2, Bax, caspase-3, and caspase-8) and nerve regeneration proteins(NGF and BDNF) in vitro after cryopreservation. In the SH group, the protein expression of NGF and BDNF in vitro, as well as ATP, SOD, and GSH production, were significantly increased. || TNF: One week after transplantation, CD4~+ and CD8~+ fluorescent double staining assessed inflammatory cell invasion in the transplanted nerve segment, and ELISA evaluated the expression of serum inflammatory factors(IL-1, IFN-γ, and TNF-α) in recipients. In the rejection reaction one week after transplantation, compared to the fresh nerve transplantation group, the SL and SM groups showed reduced CD4~+ and CD8~+ T cell invasion in the transplanted nerve segment and down-regulated IL-1, IFN-γ, and TNF-α expression in recipient serum.										
四逆汤	40382779	2025-05-18	2025	Screening the absorbed active components of Danggui Sini Decoction in the treatment of diabetic peripheral neuropathy by network pharmacology combined with molecular docking and dynamics simulation.	Journal of biomolecular structure & dynamics	10.1080/07391102.2025.2505251	Journal Article | Research Support, Non-U.S. Gov't	exclude	modified_or_combined_formula	candidate_experimental	biological_model | computational_component	AKT1 | STAT3	AKT1:U | STAT3:U	AKT1: Through molecular docking, we found that glycyrrhetinic acid and betulonic acid-two active components identified by LC-MS in the DSD-containing serum of rats-exhibited strong binding activities with AKT1 and STAT3. Furthermore, molecular dynamics simulations of the docking results indicated that the AKT1-glycyrrhetinic acid and AKT1-betulonic acid complexes were highly stable throughout the kinetic simulations. || STAT3: Through molecular docking, we found that glycyrrhetinic acid and betulonic acid-two active components identified by LC-MS in the DSD-containing serum of rats-exhibited strong binding activities with AKT1 and STAT3.										
四逆汤	40391232	2025-05-14	2025	Si-Ni Decoction as a Potential Treatment for Ulcerative Colitis: Modulation of Gut Microbiota and AKT1 Inhibition Through Network Pharmacology and in vivo Validation.	Journal of inflammation research	10.2147/JIR.S516556	Journal Article	manual_review	formula_alias_not_in_title	candidate_experimental	biological_model | computational_component	AKT1	AKT1:U	AKT1: Si-Ni Decoction as a Potential Treatment for Ulcerative Colitis: Modulation of Gut Microbiota and AKT1 Inhibition Through Network Pharmacology and in vivo Validation.. Subsequently, molecular docking was combined with molecular dynamics simulations using molecular docking to assess the binding affinity of the main active ingredient of SND to AKT1.										
四逆汤	40431572	2025-05-15	2025	Multi-Omics Unveils Inflammatory Regulation of Fermented Sini Decoction Dregs in Broilers Infected with Avian Pathogenic	Veterinary sciences	10.3390/vetsci12050479	Journal Article	exclude	title_prefixed_formula_variant | alias:Sini Decoction	candidate_experimental	protein_assay | transcript_assay | computational_component	TLR4	TLR4:U	TLR4: Results revealed 11 core genes, including TLR4, critical for immune responses against the infection, with TLR4 activating key inflammatory pathways. Fermented liquid with probiotics enhanced bioactivity, and natural compounds Dioscin and Celastrol from the fermented liquid inhibited inflammation by targeting the TLR4-MD2 complex.										
四逆汤	40754370	2025-08	2025	Combining label-free quantitative proteomics and 2D-DIGE to identify the potential targets of Sini Decoction acting on myocardial infarction.	Chinese journal of natural medicines	10.1016/S1875-5364(25)60937-X	Journal Article	eligible	exact_title_alias:Sini Decoction	candidate_experimental	biological_model	PDIA3	PDIA3:U	PDIA3: Through the integration of 2D-DIGE DARTS with proteomics data and pharmacological assessments, the findings indicate that protein disulfide-isomerase A3 (PDIA3) may serve as a potential protein target through which SNT provides protective effects on myocardial cells during myocardial infarction.										
四逆汤	40928591	2025-09-10	2025	Effects of sini decoction-mediated cellular mitochondrial autophagy on M1 macrophage polarization and its impact on a mouse model of peripheral artery disease.	Journal of bioenergetics and biomembranes	10.1007/s10863-025-10072-z	Journal Article	eligible	exact_title_alias:Sini Decoction	candidate_experimental	biological_model	PINK1	PINK1:U	PINK1: Serum inflammatory cytokines, mitochondrial autophagy-related proteins (LC3bII and p62), M1 macrophage markers (iNOS and COX2), key proteins in the mitochondrial autophagy pathway (PINK1 and Parkin), relative mitochondrial DNA (mtDNA) content, and mitochondrial function indicators [oxygen consumption rate (OCR) and extracellular acidification rate (ECAR)] were measured and analyzed. Moreover, the expression level of PINK1 and Parkin proteins were significantly increased in both the EG and CG compared to the MG (P < 0.05).										
四逆汤	41046528	2025-10-05	2025	Guilongwan Promoted Diabetic Wound Healing via Inhibition of TLR4/NLRP3 Signaling Pathway in Macrophages.	Chemistry & biodiversity	10.1002/cbdv.202501030	Journal Article	manual_review	formula_alias_not_in_title	candidate_experimental	biological_model	NLRP3 | TLR4	NLRP3:U | TLR4:U	NLRP3: Guilongwan Promoted Diabetic Wound Healing via Inhibition of TLR4/NLRP3 Signaling Pathway in Macrophages.. GLW inhibited the activation of the nuclear factor-kappa-B (NF-κB)/NOD-like receptor family pyrin domain-containing 3 (NLRP3) signaling in diabetic wound tissues and targeting NLRP3 and hypoxia-inducible factor 1 alpha (HIF-1α) in the macrophages. || TLR4: Guilongwan Promoted Diabetic Wound Healing via Inhibition of TLR4/NLRP3 Signaling Pathway in Macrophages.. Furthermore, trans-ferulic acid and paeoniflorin might directly interact with toll-like receptor 4 (TLR4).										
四逆汤	41084616	2025-10-08	2025	Glyuranolide-Dependent Inhibition of NF-κB/Akt Pathways by Sini Decoction Enhances Caspase-3-Mediated Apoptosis in Colorectal Cancer.	Journal of inflammation research	10.2147/JIR.S557303	Journal Article	eligible	exact_title_alias:Sini Decoction	candidate_experimental	biological_model | computational_component	AKT1 | CASP3 | NFKB1	AKT1:U | CASP3:U | NFKB1:U	AKT1: Network analysis highlighted NFKB1, CASP3, and AKT1 as key targets, suggesting regulation of NF-κB, Caspase-3, and Akt pathways. In vitro, SND inhibited cell proliferation and migration, induced apoptosis, promoted ROS accumulation, suppressed NF-κB and AKT1 phosphorylation, and enhanced CASP3 cleavage. || CASP3: Network analysis highlighted NFKB1, CASP3, and AKT1 as key targets, suggesting regulation of NF-κB, Caspase-3, and Akt pathways. In vitro, SND inhibited cell proliferation and migration, induced apoptosis, promoted ROS accumulation, suppressed NF-κB and AKT1 phosphorylation, and enhanced CASP3 cleavage. || NFKB1: Network analysis highlighted NFKB1, CASP3, and AKT1 as key targets, suggesting regulation of NF-κB, Caspase-3, and Akt pathways. Molecular docking showed Glyuranolide had the strongest binding affinity, particularly with NFKB1 and AKT1, indicating it as a likely effector compound.										
二陈汤	37037084	2023-03-30	2023	Modified Erchen decoction ameliorates cognitive dysfunction in vascular dementia rats via inhibiting JAK2/STAT3 and JNK/BAX signaling pathways.	Phytomedicine : international journal of phytotherapy and phytopharmacology	10.1016/j.phymed.2023.154797	Journal Article	exclude	modified_or_combined_formula	candidate_experimental	biological_model	BAX | BCL2 | JAK2 | STAT3	BAX:U | BCL2:U | JAK2:U | STAT3:U	BAX: Modified Erchen decoction ameliorates cognitive dysfunction in vascular dementia rats via inhibiting JAK2/STAT3 and JNK/BAX signaling pathways.. Moreover, MECD reduced the mRNA expression and protein expression of janus kinase 2 (JAK2), signal transducer and activator of transcription 3 (STAT3), c-Jun N-terminal kinase (JNK), and BCL2-associated X (BAX) in the brain of 2-VO rats. || BCL2: Moreover, MECD reduced the mRNA expression and protein expression of janus kinase 2 (JAK2), signal transducer and activator of transcription 3 (STAT3), c-Jun N-terminal kinase (JNK), and BCL2-associated X (BAX) in the brain of 2-VO rats. || JAK2: Modified Erchen decoction ameliorates cognitive dysfunction in vascular dementia rats via inhibiting JAK2/STAT3 and JNK/BAX signaling pathways.. Moreover, MECD reduced the mRNA expression and protein expression of janus kinase 2 (JAK2), signal transducer and activator of transcription 3 (STAT3), c-Jun N-terminal kinase (JNK), and BCL2-associated X (BAX) in the brain of 2-VO rats. || STAT3: Modified Erchen decoction ameliorates cognitive dysfunction in vascular dementia rats via inhibiting JAK2/STAT3 and JNK/BAX signaling pathways.. Moreover, MECD reduced the mRNA expression and protein expression of janus kinase 2 (JAK2), signal transducer and activator of transcription 3 (STAT3), c-Jun N-terminal kinase (JNK), and BCL2-associated X (BAX) in the brain of 2-VO rats.										
二陈汤	37078067	2023-04-10	2023	Regulation of Fatty Acid Metabolism and Inhibition of Colorectal Cancer Progression by Erchen Decoction.	Evidence-based complementary and alternative medicine : eCAM	10.1155/2023/9557720	Journal Article	eligible	exact_title_alias:Erchen Decoction	candidate_experimental	biological_model	ACSL1 | ACSL4 | CPT1A | CRP | FASN	ACSL1:U | ACSL4:U | CPT1A:U | CRP:U | FASN:U	ACSL1: Consistently, ECD gavage lowered ACSL4, ACSL1, CPT1A, and FASN levels in colorectal tissues. || ACSL4: Consistently, ECD gavage lowered ACSL4, ACSL1, CPT1A, and FASN levels in colorectal tissues. || CPT1A: Consistently, ECD gavage lowered ACSL4, ACSL1, CPT1A, and FASN levels in colorectal tissues. || CRP: Changes in blood glucose (GLU), total cholesterol (TC), total triglycerides (TG), and C-reactive protein (CRP) were measured. CRC induction and HF diet intake resulted in increased GLU, TC, TG, and CRP, where ECD gavage reduced these elevated indicators. || FASN: Consistently, ECD gavage lowered ACSL4, ACSL1, CPT1A, and FASN levels in colorectal tissues.										
二陈汤	37087794	2023-04-06	2023	Erchen decoction to reduce oxidative stress in dyslipidemia phlegm-dampness retention syndrome mice: In vivo mechanism revealed by metabolomics (liquid chromatography-mass spectrometry).	Phytomedicine : international journal of phytotherapy and phytopharmacology	10.1016/j.phymed.2023.154808	Journal Article	eligible	exact_title_alias:Erchen Decoction	candidate_experimental	biological_model													
二陈汤	37274103	2023-05-19	2023	Herb-symptom analysis of Erchen decoction combined with Xiebai powder formula and its mechanism in the treatment of chronic obstructive pulmonary disease.	Frontiers in pharmacology	10.3389/fphar.2023.1117238	Journal Article	exclude	modified_or_combined_formula	manual_review	computational_only_possible	AKT1 | ESR1 | MAPK1 | MAPK3 | MAPK8 | RELA | TP53	AKT1:U | ESR1:U | MAPK1:U | MAPK3:U | MAPK8:U | RELA:U | TP53:U	AKT1: 120 targets were obtained by intersection mapping, among which the core targets include MAPK8, ESR1, TP53, MAPK3, JUN, RELA, MAPK1, and AKT1. || ESR1: 120 targets were obtained by intersection mapping, among which the core targets include MAPK8, ESR1, TP53, MAPK3, JUN, RELA, MAPK1, and AKT1. MD simulations showed that the RELA-beta-sitosterol complex and ESR1-stigmasterol complex exhibited higher conformational stability and lower interaction energy, further confirming the role of ECXB formula in the treatment of COPD through these core components and core targets. || MAPK1: 120 targets were obtained by intersection mapping, among which the core targets include MAPK8, ESR1, TP53, MAPK3, JUN, RELA, MAPK1, and AKT1. || MAPK3: 120 targets were obtained by intersection mapping, among which the core targets include MAPK8, ESR1, TP53, MAPK3, JUN, RELA, MAPK1, and AKT1. || MAPK8: 120 targets were obtained by intersection mapping, among which the core targets include MAPK8, ESR1, TP53, MAPK3, JUN, RELA, MAPK1, and AKT1. || RELA: 120 targets were obtained by intersection mapping, among which the core targets include MAPK8, ESR1, TP53, MAPK3, JUN, RELA, MAPK1, and AKT1. MD simulations showed that the RELA-beta-sitosterol complex and ESR1-stigmasterol complex exhibited higher conformational stability and lower interaction energy, further confirming the role of ECXB formula in the treatment of COPD through these core components and core targets. || TP53: 120 targets were obtained by intersection mapping, among which the core targets include MAPK8, ESR1, TP53, MAPK3, JUN, RELA, MAPK1, and AKT1.										
二陈汤	37336336	2023-06-17	2023	Erchen Decoction alleviates obesity-related hepatic steatosis via modulating gut microbiota-drived butyric acid contents and promoting fatty acid β-oxidation.	Journal of ethnopharmacology	10.1016/j.jep.2023.116811	Journal Article	eligible	exact_title_alias:Erchen Decoction	candidate_experimental	biological_model	ECD	ECD:U	ECD: Erchen decoction (ECD) is a traditional Chinese medicine formula comprising six distinct herbs and has been documented to possess a protective effect against obesity. The study conducted previously demonstrated that ECD has the potential to effectively modulate the composition of gut microbiota and levels of short-chain fatty acids (SCFAs) in obese rat.										
二陈汤	37712264	2023-08-20	2023	[	Nan fang yi ke da xue xue bao = Journal of Southern Medical University	10.12122/j.issn.1673-4254.2023.08.04	English Abstract | Journal Article	manual_review	formula_alias_not_in_title	candidate_experimental	biological_model | protein_assay	CD163 | CD68	CD163:1 | CD68:1	CD163: The expressions of ferroportin1 (Fpn1), transferrin receptor (TfR), Steap3, HO-1, Ter-119, CD163 and CD68 were detected using Western blotting, immunohistochemistry and immunofluorescence staining. Erchen Decoction also improved the function of CD163 macrophages in the spleen of NAFLD mice by up-regulating the expression of HO-1 (P < 0.05). || CD68: The expressions of ferroportin1 (Fpn1), transferrin receptor (TfR), Steap3, HO-1, Ter-119, CD163 and CD68 were detected using Western blotting, immunohistochemistry and immunofluorescence staining.										
二陈汤	37838297	2023-10-13	2023	Erchen decoction alleviates the progression of NAFLD by inhibiting lipid accumulation and iron overload through Caveolin-1 signaling.	Journal of ethnopharmacology	10.1016/j.jep.2023.117320	Journal Article	eligible	exact_title_alias:Erchen Decoction	candidate_experimental	biological_model | perturbation | protein_assay | computational_component	ECD	ECD:U	ECD: A combination of 6 different Chinese herbs known as Erchen decoction (ECD) has been traditionally used to treat digestive tract diseases and found to have a protective effect against nonalcoholic fatty liver disease (NAFLD). Our study attempted to confirm the specific mechanism of ECD in reducing lipid and iron in NAFLD from the perspective of regulating the expression of Caveolin-1 (Cav-1).										
二陈汤	37986321	2023-11-17	2023	Exploring the mechanism of Erchen decoction in the treatment of atherosclerosis based on network pharmacology and molecular docking.	Medicine	10.1097/MD.0000000000035248	Journal Article	eligible	exact_title_alias:Erchen Decoction	manual_review	computational_only_possible	AKT1 | AR | ECD | ESR1 | JUN | MAPK1 | MAPK3 | PTGS2 | RELA | SRC	AKT1:U | AR:U | ECD:U | ESR1:U | JUN:U | MAPK1:U | MAPK3:U | PTGS2:U | RELA:U | SRC:U	AKT1: They may regulate AS by regulating core target genes, such as JUN, SRC, AKT1, PTGS2, ESR1, AR, MAPK1, MAPK3, and RELA, and acting on multiple vital pathways, such as AGE-RAGE signaling pathway in diabetic complications, Lipid and AS, and Fluid shear stress and AS. || AR: They may regulate AS by regulating core target genes, such as JUN, SRC, AKT1, PTGS2, ESR1, AR, MAPK1, MAPK3, and RELA, and acting on multiple vital pathways, such as AGE-RAGE signaling pathway in diabetic complications, Lipid and AS, and Fluid shear stress and AS. || ECD: Erchen decoction (ECD) is an effective formula for treating AS, but its therapeutic mechanism remains unclear. This study will explore the mechanism of ECD mechanism for treating AS using network pharmacology and molecular docking. || ESR1: They may regulate AS by regulating core target genes, such as JUN, SRC, AKT1, PTGS2, ESR1, AR, MAPK1, MAPK3, and RELA, and acting on multiple vital pathways, such as AGE-RAGE signaling pathway in diabetic complications, Lipid and AS, and Fluid shear stress and AS. || JUN: They may regulate AS by regulating core target genes, such as JUN, SRC, AKT1, PTGS2, ESR1, AR, MAPK1, MAPK3, and RELA, and acting on multiple vital pathways, such as AGE-RAGE signaling pathway in diabetic complications, Lipid and AS, and Fluid shear stress and AS. || MAPK1: They may regulate AS by regulating core target genes, such as JUN, SRC, AKT1, PTGS2, ESR1, AR, MAPK1, MAPK3, and RELA, and acting on multiple vital pathways, such as AGE-RAGE signaling pathway in diabetic complications, Lipid and AS, and Fluid shear stress and AS. || MAPK3: They may regulate AS by regulating core target genes, such as JUN, SRC, AKT1, PTGS2, ESR1, AR, MAPK1, MAPK3, and RELA, and acting on multiple vital pathways, such as AGE-RAGE signaling pathway in diabetic complications, Lipid and AS, and Fluid shear stress and AS. || PTGS2: They may regulate AS by regulating core target genes, such as JUN, SRC, AKT1, PTGS2, ESR1, AR, MAPK1, MAPK3, and RELA, and acting on multiple vital pathways, such as AGE-RAGE signaling pathway in diabetic complications, Lipid and AS, and Fluid shear stress and AS. || RELA: They may regulate AS by regulating core target genes, such as JUN, SRC, AKT1, PTGS2, ESR1, AR, MAPK1, MAPK3, and RELA, and acting on multiple vital pathways, such as AGE-RAGE signaling pathway in diabetic complications, Lipid and AS, and Fluid shear stress and AS. || SRC: They may regulate AS by regulating core target genes, such as JUN, SRC, AKT1, PTGS2, ESR1, AR, MAPK1, MAPK3, and RELA, and acting on multiple vital pathways, such as AGE-RAGE signaling pathway in diabetic complications, Lipid and AS, and Fluid shear stress and AS.										
二陈汤	38621880	2024-02	2024	[Effect of Erchen Decoction on liver mitochondrial function by inhibiting mTORC1/SREBP1/CAV1 pathway in mice with high-fat diet].	Zhongguo Zhong yao za zhi = Zhongguo zhongyao zazhi = China journal of Chinese materia medica	10.19540/j.cnki.cjcmm.20231103.401	English Abstract | Journal Article	eligible	exact_title_alias:Erchen Decoction	candidate_experimental	biological_model | protein_assay	CAV1 | ECD	CAV1:1 | ECD:U	CAV1: [Effect of Erchen Decoction on liver mitochondrial function by inhibiting mTORC1/SREBP1/CAV1 pathway in mice with high-fat diet].. Western blot was performed to detect the expression of rapamycin target protein complex 1(mTOR1), ribosomal protein S6 kinase B1(S6K), sterol regulatory element binding protein 1(SREBP1), and caveolin 1(CAV1). || ECD: This study aims to investigate the effect of Erchen Decoction(ECD) on liver mitochondrial function in mice with a high-fat diet and its possible mechanism. A total of sixty C57BL/6J mice were randomly divided into a normal group, high-fat group, ECD group, mTORC1 activator(MHY) group, ECD+MHY group, and polyene phosphatidyl choline(PPC) group, with 10 rats in each group.										
二陈汤	38621978	2024-03	2024	[Intervention effect of Erchen Decoction on methionine and choline deficient diet-induced non-alcoholic steatohepatitis in mice].	Zhongguo Zhong yao za zhi = Zhongguo zhongyao zazhi = China journal of Chinese materia medica	10.19540/j.cnki.cjcmm.20231013.401	English Abstract | Journal Article	eligible	exact_title_alias:Erchen Decoction	candidate_experimental	biological_model | protein_assay | transcript_assay	ECD | FASN | GPX4 | NQO1	ECD:U | FASN:U | GPX4:1 | NQO1:U	ECD: This study investigated the effect of Erchen Decoction(ECD) on the prevention of non-alcoholic steatohepatitis(NASH) in mice and explored its possible mechanism, so as to provide scientific data for the clinical application of ECD in the prevention of NASH. C57BL/6 male mice were randomly divided into normal group(methionine and choline supplement, MCS), model group(methionine and choline deficient, MCD), low-dose ECD group(ECD＿L, 6 g·kg~(-1)), medium-dose ECD group(ECD＿M, 12 g·kg~(-1)), and high-dose ECD group(ECD＿H, 24 g·kg~(-1)), with eight mice in each group. || FASN: The mRNA expressions of fatty acid synthase(FASN), monocyte chemoattractant protein-1(MCP-1), and IL-1β in liver tissue were significantly up-regulated, while those of GPX4, Nrf2, and NAD(P)H:quinine oxidoreductase(NQO1) were significantly down-regulated. The mRNA expressions of FASN, MCP-1, and IL-1β in liver tissue were significantly down-regulated, and those of GPX4 and NQO1 were significantly up-regulated. || GPX4: Liver tissue was processed by hematoxylin-eosin(HE) staining and used for hepatic histological analysis and detection of the expression levels of genes and proteins related to nuclear factor erythroid 2-related factor 2/glutathione peroxidase 4(Nrf2/GPX4) pathway by real-time quantitative reverse transcriptase-polymerase chain reaction(RT-qPCR) and Western blot analysis, respectively. The mRNA expressions of fatty acid synthase(FASN), monocyte chemoattractant protein-1(MCP-1), and IL-1β in liver tissue were significantly up-regulated, while those of GPX4, Nrf2, and NAD(P)H:quinine oxidoreducta || NQO1: The mRNA expressions of fatty acid synthase(FASN), monocyte chemoattractant protein-1(MCP-1), and IL-1β in liver tissue were significantly up-regulated, while those of GPX4, Nrf2, and NAD(P)H:quinine oxidoreductase(NQO1) were significantly down-regulated. The mRNA expressions of FASN, MCP-1, and IL-1β in liver tissue were significantly down-regulated, and those of GPX4 and NQO1 were significantly up-regulated.										
二陈汤	38845538	2024	2024	Experimental Verification of Erchen Decoction Plus Huiyanzhuyu Decoction in the Treatment of Laryngeal Squamous Cell Carcinoma Based on Network Pharmacology.	Integrative cancer therapies	10.1177/15347354241259182	Journal Article | Research Support, Non-U.S. Gov't	exclude	modified_or_combined_formula	candidate_experimental	biological_model | protein_assay | computational_component	PDK1 | STAT3	PDK1:U | STAT3:U	PDK1: On one hand, we observed higher levels of key genes such as P-STAT3, P-PDK1, P-Akt, PI3K, and ErbB2 in LSCC tumor tissues compared to adjacent tissues. In LSCC xenograft nude mice models, EHD treatment resulted in downregulation of P-STAT3, P-PDK1, PI3K, P-AKT, and ErbB2 protein levels but upregulated FOXO3a protein level. || STAT3: The findings indicated that both the first and second clusters exhibited a size greater than 6 scores, with key genes PI3K and ErbB occupying central positions, while the third and fourth clusters were associated with proteins in the PI3K, STAT3, and Foxo pathways. On one hand, we observed higher levels of key genes such as P-STAT3, P-PDK1, P-Akt, PI3K, and ErbB2 in LSCC tumor tissues compared to adjacent tissues.										
二陈汤	39151493	2024-08-16	2024	Investigation into the potential mechanism and therapeutic targets of Cangzhu Erchen decoction for the treatment of chronic obstructive pulmonary disease based on bioinformatics and network pharmacology.	Medicine	10.1097/MD.0000000000039338	Journal Article	exclude	title_prefixed_formula_variant | alias:Erchen Decoction	manual_review	computational_only_possible	AKT1 | GRB2 | HSP90AA1 | MAPK1 | PIK3CA | PIK3CB | PIK3CD | PIK3R1 | STAT3	AKT1:U | GRB2:U | HSP90AA1:U | MAPK1:U | PIK3CA:U | PIK3CB:U | PIK3CD:U | PIK3R1:U | STAT3:U	AKT1: SRC, PIK3CA, STAT3, PIK3R1, AKT1, HSP90AA1, PIK3CB, GRB2, PIK3CD, and MAPK1 were identified as the major targets of CZECD in its anti-COPD activity. || GRB2: SRC, PIK3CA, STAT3, PIK3R1, AKT1, HSP90AA1, PIK3CB, GRB2, PIK3CD, and MAPK1 were identified as the major targets of CZECD in its anti-COPD activity. || HSP90AA1: SRC, PIK3CA, STAT3, PIK3R1, AKT1, HSP90AA1, PIK3CB, GRB2, PIK3CD, and MAPK1 were identified as the major targets of CZECD in its anti-COPD activity. || MAPK1: SRC, PIK3CA, STAT3, PIK3R1, AKT1, HSP90AA1, PIK3CB, GRB2, PIK3CD, and MAPK1 were identified as the major targets of CZECD in its anti-COPD activity. || PIK3CA: SRC, PIK3CA, STAT3, PIK3R1, AKT1, HSP90AA1, PIK3CB, GRB2, PIK3CD, and MAPK1 were identified as the major targets of CZECD in its anti-COPD activity. || PIK3CB: SRC, PIK3CA, STAT3, PIK3R1, AKT1, HSP90AA1, PIK3CB, GRB2, PIK3CD, and MAPK1 were identified as the major targets of CZECD in its anti-COPD activity. || PIK3CD: SRC, PIK3CA, STAT3, PIK3R1, AKT1, HSP90AA1, PIK3CB, GRB2, PIK3CD, and MAPK1 were identified as the major targets of CZECD in its anti-COPD activity. || PIK3R1: SRC, PIK3CA, STAT3, PIK3R1, AKT1, HSP90AA1, PIK3CB, GRB2, PIK3CD, and MAPK1 were identified as the major targets of CZECD in its anti-COPD activity. || STAT3: SRC, PIK3CA, STAT3, PIK3R1, AKT1, HSP90AA1, PIK3CB, GRB2, PIK3CD, and MAPK1 were identified as the major targets of CZECD in its anti-COPD activity.										
二陈汤	39954622	2025-02-09	2025	ErTao decoction alleviates liver fibrosis by suppressing STING-mediated macrophages and NLRP3 inflammasome activation.	Phytomedicine : international journal of phytotherapy and phytopharmacology	10.1016/j.phymed.2025.156489	Journal Article	manual_review	formula_alias_not_in_title	candidate_experimental	biological_model | perturbation | protein_assay	NLRP3	NLRP3:U	NLRP3: ErTao decoction alleviates liver fibrosis by suppressing STING-mediated macrophages and NLRP3 inflammasome activation.. In our in vivo and in vitro experiments, we found that ETD effectively reduced collagen fiber deposition and alleviated LF pathological changes by inhibiting macrophage inflammatory activation and suppressing NLRP3 and STING signaling.										
二陈汤	40348241	2025-05-08	2025	Research on erchen tang in the treatment of community-acquired pneumonia based on chemical molecular mechanisms of quercetin and kaempferol: PI3K/AKT/NF-κB protein signaling.	International journal of biological macromolecules	10.1016/j.ijbiomac.2025.144071	Journal Article | Retracted Publication	eligible	exact_title_alias:Erchen Tang	manual_review	no_abstract_assay_signal	ECD | TNF	ECD:U | TNF:U	ECD: This study aimed to investigate into the effects of compounds in Erchen Tang (also known as Erchen Decoction, ECD) on the expression of inflammatory factors, as well as proteins associated with the key signaling pathways. The findings indicated that both quercetin and kaempferol are highly competitive components in ECD. || TNF: Additionally, these natural compounds were found to diminish the expression levels of inflammatory factors such as tumor necrosis factor-alpha (TNF-α) and interleukin-6 (IL-6).										
二陈汤	40446578	2025-05-20	2025	Erchen Decoction ameliorates the rat model of polycystic ovary syndrome by regulating the steroid biosynthesis pathway.	Phytomedicine : international journal of phytotherapy and phytopharmacology	10.1016/j.phymed.2025.156852	Journal Article	eligible	exact_title_alias:Erchen Decoction	candidate_experimental	biological_model | protein_assay | transcript_assay | computational_component	AKR1D1 | AMH | CCK | CYP17A1 | ECD | HSD11B1 | HSD11B2	AKR1D1:1 | AMH:1 | CCK:1 | CYP17A1:1 | ECD:1 | HSD11B1:1 | HSD11B2:1	AKR1D1: Immunofluorescence, western blotting, and RT-qPCR analyses revealed significantly decreased protein expression of CYP17A1 and 11β-hydroxysteroid dehydrogenase type 1 (HSD11B1) (p < 0.01) and significantly increased the expression of aldo-keto reductase family 1 member D1 (AKR1D1) and HSD11B2 in the Con, Met, and H-Ecd groups relative to that in the PCOS group, whereas the l-Ecd group showed no significant difference. Western blot analysis indicated a significant reduction in CYP17A1 and HSD11B1 protein expression (p < 0.01) and a significant increase in AKR1D1 and HSD11B2 expression (p < 0.01) || AMH: Abbreviations: Abi group, abiraterone group; AKR, aldo-keto reductase; AMH, anti-Müllerian hormone; BC, betweenness; BP, biological process; BSA, bovine serum albumin; CC, cellular component; CCK-8, cell counting kit-8; Con group, control group; DC, degree centrality; DDA, data-dependent acquisition; DHEA, dehydroepiandrosterone; DHEAS, DHEA sulfate; DHT, dihydrotestosterone; ECD, Erchen decoction; Ecd group, Erchen decoction group; ELISA, enzyme-linked immunosorbent assay; E2, estradiol; FSH, follicle-stimulating hormone; GO, gene ontology; HE, hematoxylin and eosin; H-Ecd group, high-dose Er || CCK: Abbreviations: Abi group, abiraterone group; AKR, aldo-keto reductase; AMH, anti-Müllerian hormone; BC, betweenness; BP, biological process; BSA, bovine serum albumin; CC, cellular component; CCK-8, cell counting kit-8; Con group, control group; DC, degree centrality; DDA, data-dependent acquisition; DHEA, dehydroepiandrosterone; DHEAS, DHEA sulfate; DHT, dihydrotestosterone; ECD, Erchen decoction; Ecd group, Erchen decoction group; ELISA, enzyme-linked immunosorbent assay; E2, estradiol; FSH, follicle-stimulating hormone; GO, gene ontology; HE, hematoxylin and eosin; H-Ecd group, high-dose Er || CYP17A1: Microscale thermophoresis (MST) validated the binding affinities of liquiritin, glycyrrhizic acid, esculetin, and genistein to cytochrome P450 family 17 subfamily A member 1 (CYP17A1) as 5.4, 12.55, 32.8, and 17.6 μM, respectively. Immunofluorescence, western blotting, and RT-qPCR analyses revealed significantly decreased protein expression of CYP17A1 and 11β-hydroxysteroid dehydrogenase type 1 (HSD11B1) (p < 0.01) and significantly increased the expression of aldo-keto reductase family 1 member D1 (AKR1D1) and HSD11B2 in the Con, Met, and H-Ecd groups relative to that in the PCOS group, where || ECD: To identify the key components, underlying mechanisms, and therapeutic targets of Erchen decoction (ECD) for treating PCOS. Abbreviations: Abi group, abiraterone group; AKR, aldo-keto reductase; AMH, anti-Müllerian hormone; BC, betweenness; BP, biological process; BSA, bovine serum albumin; CC, cellular component; CCK-8, cell counting kit-8; Con group, control group; DC, degree centrality; DDA, data-dependent acquisition; DHEA, dehydroepiandrosterone; DHEAS, DHEA sulfate; DHT, dihydrotestosterone; ECD, Erchen decoction; Ecd group, Erchen decoction group; ELISA, enzyme-linked immunosorbent assa || HSD11B1: Immunofluorescence, western blotting, and RT-qPCR analyses revealed significantly decreased protein expression of CYP17A1 and 11β-hydroxysteroid dehydrogenase type 1 (HSD11B1) (p < 0.01) and significantly increased the expression of aldo-keto reductase family 1 member D1 (AKR1D1) and HSD11B2 in the Con, Met, and H-Ecd groups relative to that in the PCOS group, whereas the l-Ecd group showed no significant difference. Western blot analysis indicated a significant reduction in CYP17A1 and HSD11B1 protein expression (p < 0.01) and a significant increase in AKR1D1 and HSD11B2 expression (p < 0.01) || HSD11B2: Immunofluorescence, western blotting, and RT-qPCR analyses revealed significantly decreased protein expression of CYP17A1 and 11β-hydroxysteroid dehydrogenase type 1 (HSD11B1) (p < 0.01) and significantly increased the expression of aldo-keto reductase family 1 member D1 (AKR1D1) and HSD11B2 in the Con, Met, and H-Ecd groups relative to that in the PCOS group, whereas the l-Ecd group showed no significant difference. Western blot analysis indicated a significant reduction in CYP17A1 and HSD11B1 protein expression (p < 0.01) and a significant increase in AKR1D1 and HSD11B2 expression (p < 0.01)										
二陈汤	40615099	2025-07-02	2025	Unravelling the mechanisms of erchen decoction in the treatment of nonalcoholic fatty liver disease (NAFLD): an integrative study combining network pharmacology, molecular docking, molecular dynamics simulation, multi-omics analysis, and experimental validation.	Journal of ethnopharmacology	10.1016/j.jep.2025.120216	Journal Article	eligible	exact_title_alias:Erchen Decoction	candidate_experimental	biological_model | perturbation | transcript_assay | computational_component	ACOX1 | CPT1A | ECD | FASN | PPARG | TNF	ACOX1:U | CPT1A:U | ECD:U | FASN:U | PPARG:U | TNF:U	ACOX1: In experimental validation, ECD treatment increased phosphorylated AMPK levels, thereby promoting PPARα activation and upregulating key enzymes involved in β-oxidation (CPT1A and ACOX1) while downregulating PPARγ and its downstream genes associated with fatty acid synthesis (SREBP-1 and FASN), thus improving hepatic lipid metabolism both in vivo and in vitro. || CPT1A: In experimental validation, ECD treatment increased phosphorylated AMPK levels, thereby promoting PPARα activation and upregulating key enzymes involved in β-oxidation (CPT1A and ACOX1) while downregulating PPARγ and its downstream genes associated with fatty acid synthesis (SREBP-1 and FASN), thus improving hepatic lipid metabolism both in vivo and in vitro. || ECD: Erchen decoction (ECD) is a traditional Chinese herbal formula widely used in clinical practice for the treatment of nonalcoholic fatty liver disease (NAFLD). To explore the pharmacological efficacy and potential molecular mechanisms of ECD in the treatment of NAFLD. || FASN: In experimental validation, ECD treatment increased phosphorylated AMPK levels, thereby promoting PPARα activation and upregulating key enzymes involved in β-oxidation (CPT1A and ACOX1) while downregulating PPARγ and its downstream genes associated with fatty acid synthesis (SREBP-1 and FASN), thus improving hepatic lipid metabolism both in vivo and in vitro. || PPARG: Network pharmacological analysis predicted that PPARG and BCL-2 might be central targets, whereas AMPK signalling and apoptosis are likely the main pathways mediating the anti-NAFLD effects of ECD. || TNF: Additionally, ECD reduced the expression of inflammatory cytokines (TNF-α, IL-6, and IL-1β), suppressed ROS production, increased the mitochondrial membrane potential, and inhibited cell apoptosis by modulating the expression of BCL-2, Bax, cleaved PARP and cleaved caspase-3 both in vivo and in vitro.										
二陈汤	40617360	2025-07-03	2025	Erchen decoction alleviates anxiety and depression-like behaviors in high-fat diet-induced obesity mice via the Adipose-Brain axis.	Journal of ethnopharmacology	10.1016/j.jep.2025.120218	Journal Article	eligible	exact_title_alias:Erchen Decoction	candidate_experimental	biological_model | protein_assay | computational_component	BDNF | ECD	BDNF:U | ECD:U	BDNF: Additionally, ECD inhibited the activation of microglia in the brain (p < 0.001), enhanced astrocyte activation (p < 0.001), and upregulated brain-derived neurotrophic factor (BDNF) expression (p < 0.05, p < 0.01). || ECD: Erchen decoction (ECD) is a traditional Chinese medicine composed of six herbs that are historically recognized for their therapeutic effects on obesity, lipid metabolic disorders and systemic inflammation. However, the role and underlying mechanisms of ECD in alleviating anxiety and depression-like behaviors (ADBs) associated with obesity remain unclear.										
二陈汤	40617365	2025-07-04	2025	Erchen decoction alleviates silicosis by attenuating ferroptosis and fibrosis in alveolar macrophages via modulating the P53/HMOX1 pathway.	Journal of ethnopharmacology	10.1016/j.jep.2025.120227	Journal Article	eligible	exact_title_alias:Erchen Decoction	candidate_experimental	biological_model	ECD | GPX4 | HMOX1	ECD:U | GPX4:U | HMOX1:U	ECD: Erchen decoction (ECD) has traditionally been employed as an adjunct therapy for respiratory diseases such as tracheitis, bronchitis, and chronic obstructive pulmonary disease (COPD) in China. This study aims to elucidate the protective mechanism of ECD against silica-induced pulmonary fibrosis, focusing specifically on ferroptosis in alveolar macrophages (AMs). || GPX4: Mechanistically, ECD inhibited silica-induced ferroptosis in AMs, evident by reduced intracellular Fe2+, lipid peroxidation, and malondialdehyde (MDA) levels, increased GPX4 and xCT expression, and antioxidant activity mediated through the P53/HMOX1 axis. || HMOX1: Erchen decoction alleviates silicosis by attenuating ferroptosis and fibrosis in alveolar macrophages via modulating the P53/HMOX1 pathway.. Metabolomic analysis identified active components in ECD serum, including quercetagitrin and hinokiol, which exhibited strong binding affinities with key ferroptosis targets (P53 and HMOX1).										
二陈汤	40772014	2025-08-05	2025	Erchen Decoction Offers Health Benefits in Regulating Obesity: Component Analysis, Network Pharmacology, and Experiment Verification.	Food science & nutrition	10.1002/fsn3.70592	Journal Article	eligible	exact_title_alias:Erchen Decoction	manual_review	computational_only_possible	TLR4	TLR4:U	TLR4: Animal experiments demonstrated that ECT has significant potential for weight loss and lipid-lowering effects, especially mitigating hepatic oxidative stress and systemic inflammation through the LPS-TLR4/MyD88/NF-κB signaling pathway.										
二陈汤	41116265	2025-10-15	2025	Exploration of the Mechanism of Erchen Decoction in Ameliorating Obesity by Regulating Lipid Deposition	Endocrine, metabolic & immune disorders drug targets	10.2174/0118715303373517250919055421	Journal Article	eligible	exact_title_alias:Erchen Decoction	candidate_experimental	biological_model | protein_assay | transcript_assay | computational_component	ECD | PGC | SIRT1 | TFAM	ECD:U | PGC:1 | SIRT1:1 | TFAM:1	ECD: Traditional Chinese Medicine (TCM), including Erchen Decoction (ECD), offers potential benefits; however, the molecular mechanisms underlying ECD's anti-obesity effects, particularly on lipid metabolism, remain unclear. This study investigates the mechanism by which ECD improves lipid metabolism through the AMPK/SIRT1/PGC-1α signaling pathway.</p><p> Methods: AML-12 hepatocytes were cultured and divided into Control, Model (palmitic acid-induced lipid deposition), and treatment groups (ECD serum: 2%, 4%, 8%; orlistat: 10 μM). || PGC: This study investigates the mechanism by which ECD improves lipid metabolism through the AMPK/SIRT1/PGC-1α signaling pathway.</p><p> Methods: AML-12 hepatocytes were cultured and divided into Control, Model (palmitic acid-induced lipid deposition), and treatment groups (ECD serum: 2%, 4%, 8%; orlistat: 10 μM). Key lipid metabolism genes (p-AMPK/AMPK, SIRT1, PPARα, PGC-1α, Nrf2, TFAM) were evaluated using RT-qPCR, Western Blot, and immunofluorescence. || SIRT1: This study investigates the mechanism by which ECD improves lipid metabolism through the AMPK/SIRT1/PGC-1α signaling pathway.</p><p> Methods: AML-12 hepatocytes were cultured and divided into Control, Model (palmitic acid-induced lipid deposition), and treatment groups (ECD serum: 2%, 4%, 8%; orlistat: 10 μM). Key lipid metabolism genes (p-AMPK/AMPK, SIRT1, PPARα, PGC-1α, Nrf2, TFAM) were evaluated using RT-qPCR, Western Blot, and immunofluorescence. || TFAM: Key lipid metabolism genes (p-AMPK/AMPK, SIRT1, PPARα, PGC-1α, Nrf2, TFAM) were evaluated using RT-qPCR, Western Blot, and immunofluorescence. Network pharmacology analysis identified ECD's targets and pathways.</p> <p> Results: The Model group showed increased lipid droplets and TG content, with reduced AMPK, SIRT1, PPARα, PGC-1α, Nrf2, and TFAM expression compared to Control.										
二陈汤	41304952	2025-11-11	2025	The	Pharmaceuticals (Basel, Switzerland)	10.3390/ph18111707	Journal Article	manual_review	formula_alias_not_in_title	candidate_experimental	biological_model | computational_component	IRS1	IRS1:U	IRS1: ECD also resolved hepatic insulin resistance by activating the IRS1-Akt-FoxO1 pathway.										
黄连解毒汤	35593365	2023	2023	Combination of Network Pharmacology and	Combinatorial chemistry & high throughput screening	10.2174/1386207325666220421110032	Journal Article | Research Support, Non-U.S. Gov't	exclude	modified_or_combined_formula	candidate_experimental	biological_model | protein_assay | computational_component	AKT1 | CCL2 | CXCL8 | IL1B | IL6	AKT1:U | CCL2:U | CXCL8:U | IL1B:U | IL6:U	AKT1: 4 active compounds (quercetin, wogonin, kaempferol and baicalein) and 5 hub genes (IL6, AKT1, CXCL8, CCL2 and IL1B) were then selected to make molecular docking. || CCL2: 4 active compounds (quercetin, wogonin, kaempferol and baicalein) and 5 hub genes (IL6, AKT1, CXCL8, CCL2 and IL1B) were then selected to make molecular docking. The results indicated that quercetin and wogonin had a better affinity with CXCL8, CCL2 or IL1B. || CXCL8: 4 active compounds (quercetin, wogonin, kaempferol and baicalein) and 5 hub genes (IL6, AKT1, CXCL8, CCL2 and IL1B) were then selected to make molecular docking. The results indicated that quercetin and wogonin had a better affinity with CXCL8, CCL2 or IL1B. || IL1B: 4 active compounds (quercetin, wogonin, kaempferol and baicalein) and 5 hub genes (IL6, AKT1, CXCL8, CCL2 and IL1B) were then selected to make molecular docking. The results indicated that quercetin and wogonin had a better affinity with CXCL8, CCL2 or IL1B. || IL6: 4 active compounds (quercetin, wogonin, kaempferol and baicalein) and 5 hub genes (IL6, AKT1, CXCL8, CCL2 and IL1B) were then selected to make molecular docking.										
黄连解毒汤	35642108	2023	2023	Exploring the Latent Mechanism of Huanglian Jiedu Decoction Formula for Anti-atopic Dermatitis by Systems Pharmacology.	Combinatorial chemistry & high throughput screening	10.2174/1386207325666220531091324	Journal Article | Research Support, Non-U.S. Gov't	eligible	exact_title_alias:Huanglian Jiedu Decoction	candidate_experimental	biological_model | protein_assay | transcript_assay | computational_component	HSP90AA1 | PTGS2	HSP90AA1:U | PTGS2:U	HSP90AA1: The results showed that 60 bioactive compounds (palmatine, wogonin, cavidine, etc.) of HJD interacting with 169 related hub targets (PTGS2, HSP90AA1, etc.) were authenticated. || PTGS2: The results showed that 60 bioactive compounds (palmatine, wogonin, cavidine, etc.) of HJD interacting with 169 related hub targets (PTGS2, HSP90AA1, etc.) were authenticated.										
黄连解毒汤	37009506	2023-03-16	2023	Molecular mechanisms of Huanglian Jiedu decoction in treating Alzheimer's disease by regulating microbiome	Frontiers in cellular and infection microbiology	10.3389/fcimb.2023.1140945	Journal Article | Research Support, Non-U.S. Gov't	eligible	exact_title_alias:Huanglian Jiedu Decoction	manual_review	computational_only_possible	AKT1 | CASP3 | MMP9 | PTGS2 | TP53 | VEGFA	AKT1:U | CASP3:U | MMP9:U | PTGS2:U | TP53:U | VEGFA:U	AKT1: AKT1, TNF, TP53, VEGFA, FOS, PTGS2, MMP9 and CASP3 could become potential therapeutic targets. Moreover, molecular docking analysis suggested that kaempferol, wogonin, beta-sitosterol, baicalein, acacetin, isocorypalmine, (S)-canadine, and (R)-canadine combined well with AKT1, TNF, TP53, VEGFA, FOS, PTGS2, MMP9, CASP3, respectively. || CASP3: AKT1, TNF, TP53, VEGFA, FOS, PTGS2, MMP9 and CASP3 could become potential therapeutic targets. Moreover, molecular docking analysis suggested that kaempferol, wogonin, beta-sitosterol, baicalein, acacetin, isocorypalmine, (S)-canadine, and (R)-canadine combined well with AKT1, TNF, TP53, VEGFA, FOS, PTGS2, MMP9, CASP3, respectively. || MMP9: AKT1, TNF, TP53, VEGFA, FOS, PTGS2, MMP9 and CASP3 could become potential therapeutic targets. Moreover, molecular docking analysis suggested that kaempferol, wogonin, beta-sitosterol, baicalein, acacetin, isocorypalmine, (S)-canadine, and (R)-canadine combined well with AKT1, TNF, TP53, VEGFA, FOS, PTGS2, MMP9, CASP3, respectively. || PTGS2: AKT1, TNF, TP53, VEGFA, FOS, PTGS2, MMP9 and CASP3 could become potential therapeutic targets. Moreover, molecular docking analysis suggested that kaempferol, wogonin, beta-sitosterol, baicalein, acacetin, isocorypalmine, (S)-canadine, and (R)-canadine combined well with AKT1, TNF, TP53, VEGFA, FOS, PTGS2, MMP9, CASP3, respectively. || TP53: AKT1, TNF, TP53, VEGFA, FOS, PTGS2, MMP9 and CASP3 could become potential therapeutic targets. Moreover, molecular docking analysis suggested that kaempferol, wogonin, beta-sitosterol, baicalein, acacetin, isocorypalmine, (S)-canadine, and (R)-canadine combined well with AKT1, TNF, TP53, VEGFA, FOS, PTGS2, MMP9, CASP3, respectively. || VEGFA: AKT1, TNF, TP53, VEGFA, FOS, PTGS2, MMP9 and CASP3 could become potential therapeutic targets. Moreover, molecular docking analysis suggested that kaempferol, wogonin, beta-sitosterol, baicalein, acacetin, isocorypalmine, (S)-canadine, and (R)-canadine combined well with AKT1, TNF, TP53, VEGFA, FOS, PTGS2, MMP9, CASP3, respectively.										
黄连解毒汤	37533739	2023-07-06	2023	Potential protective effects of Huanglian Jiedu Decoction against COVID-19-associated acute kidney injury: A network-based pharmacological and molecular docking study.	Open medicine (Warsaw, Poland)	10.1515/med-2023-0746	Journal Article	eligible	exact_title_alias:Huanglian Jiedu Decoction	manual_review	computational_only_possible	AKT1 | JUN | RELA	AKT1:U | JUN:U | RELA:U	AKT1: A total of 65 active compounds, 85 common targets for diseases and drugs were obtained; PPI network analysis showed that the core protein mainly involved JUN, RELA, and AKT1; functional analysis showed that these target genes were mainly involved in lipid and atherosclerosis signaling pathway and IL-17 signal pathway. The results of molecular docking showed that JUN, RELA, and AKT1 had good binding activity with the effective chemical components of HLJDD. || JUN: A total of 65 active compounds, 85 common targets for diseases and drugs were obtained; PPI network analysis showed that the core protein mainly involved JUN, RELA, and AKT1; functional analysis showed that these target genes were mainly involved in lipid and atherosclerosis signaling pathway and IL-17 signal pathway. The results of molecular docking showed that JUN, RELA, and AKT1 had good binding activity with the effective chemical components of HLJDD. || RELA: A total of 65 active compounds, 85 common targets for diseases and drugs were obtained; PPI network analysis showed that the core protein mainly involved JUN, RELA, and AKT1; functional analysis showed that these target genes were mainly involved in lipid and atherosclerosis signaling pathway and IL-17 signal pathway. The results of molecular docking showed that JUN, RELA, and AKT1 had good binding activity with the effective chemical components of HLJDD.										
黄连解毒汤	38561055	2024-03-30	2024	Huanglian Jiedu decoction inhibits vascular smooth muscle cell-derived foam cell formation by activating autophagy via suppressing P2RY12.	Journal of ethnopharmacology	10.1016/j.jep.2024.118125	Journal Article	eligible	exact_title_alias:Huanglian Jiedu Decoction	candidate_experimental	biological_model | perturbation | protein_assay | computational_component	ATG7 | P2RY12 | PIK3CB	ATG7:2 | P2RY12:U | PIK3CB:1	ATG7: Autophagy was inhibited by Chloroquine or transfecting siRNA targeting ATG7 (siATG7). || P2RY12: Huanglian Jiedu decoction inhibits vascular smooth muscle cell-derived foam cell formation by activating autophagy via suppressing P2RY12.. The effects of P2RY12 were tested by adopting clopidogrel hydrogen sulfate (CDL) in vivo and transfecting P2RY12 over-expressive plasmid in vitro. || PIK3CB: Immunofluorescence and molecular docking revealed a high affinity between P2RY12 and PIK3CB, while co-immunoprecipitation assays illustrated their interaction.										
黄连解毒汤	38644875	2024-04-12	2024	Huanglian Jiedu decoction alleviates neurobehavioral damage in mice with chronic alcohol exposure through the RAS-RAF-MEK-ERK pathway.	Heliyon	10.1016/j.heliyon.2024.e29556	Journal Article	eligible	exact_title_alias:Huanglian Jiedu Decoction	candidate_experimental	biological_model | transcript_assay													
黄连解毒汤	38812205	2024-04	2024	[Effect of Huanglian Jiedu Decoction on TREM2/Akt/GSK3β pathway in cerebral cortex of APP/PS1 transgenic mice].	Zhongguo Zhong yao za zhi = Zhongguo zhongyao zazhi = China journal of Chinese materia medica	10.19540/j.cnki.cjcmm.20240115.702	English Abstract | Journal Article	eligible	exact_title_alias:Huanglian Jiedu Decoction	candidate_experimental	biological_model | protein_assay | transcript_assay	APP | CD86 | TREM2	APP:U | CD86:1 | TREM2:U	APP: [Effect of Huanglian Jiedu Decoction on TREM2/Akt/GSK3β pathway in cerebral cortex of APP/PS1 transgenic mice].. This study aims to explore the mechanism of Huanglian Jieduo Decoction on regulating triggering receptor expressed on myeloid cells 2(TREM2)/protein kinase B(Akt)/glycogen synthase kinase 3β(GSK3β) pathway to improve the cognitive deficit in APP/PS1 transgenic mice. || CD86: Immunofluorescence was used to detect the protein expressions of β-amyloid(Aβ_(1-42)), CD86, and arginase 1(Arg1). Mice in the model group had a significantly lower number of neurons in the cortex and showed nuclear pyknosis and a significant increase in the expressions of Aβ_(1-42) and CD86. || TREM2: [Effect of Huanglian Jiedu Decoction on TREM2/Akt/GSK3β pathway in cerebral cortex of APP/PS1 transgenic mice].. This study aims to explore the mechanism of Huanglian Jieduo Decoction on regulating triggering receptor expressed on myeloid cells 2(TREM2)/protein kinase B(Akt)/glycogen synthase kinase 3β(GSK3β) pathway to improve the cognitive deficit in APP/PS1 transgenic mice.										
黄连解毒汤	38849824	2024-06-07	2024	Unraveling the treatment effects of huanglian jiedu decoction on drug-induced liver injury based on network pharmacology, molecular docking and experimental validation.	BMC complementary medicine and therapies	10.1186/s12906-024-04517-y	Journal Article	eligible	exact_title_alias:Huanglian Jiedu Decoction	manual_review	computational_only_possible	CYP1A1 | CYP1A2 | CYP1B1	CYP1A1:U | CYP1A2:U | CYP1B1:U	CYP1A1: The overlapped genes from KEGG and GO analysis indicated the significance of CYP1A1, CYP1A2, and CYP1B1. In addition, the active ingredients Corymbosin, and Moslosooflavone were found to have relative strong intensity in UPLC-Q-TOF-MS/MS analysis, showing interactions with CYP1A1, CYP1A2, and CYP1B1 through molecule docking. || CYP1A2: The overlapped genes from KEGG and GO analysis indicated the significance of CYP1A1, CYP1A2, and CYP1B1. In addition, the active ingredients Corymbosin, and Moslosooflavone were found to have relative strong intensity in UPLC-Q-TOF-MS/MS analysis, showing interactions with CYP1A1, CYP1A2, and CYP1B1 through molecule docking. || CYP1B1: The overlapped genes from KEGG and GO analysis indicated the significance of CYP1A1, CYP1A2, and CYP1B1. In addition, the active ingredients Corymbosin, and Moslosooflavone were found to have relative strong intensity in UPLC-Q-TOF-MS/MS analysis, showing interactions with CYP1A1, CYP1A2, and CYP1B1 through molecule docking.										
黄连解毒汤	39099086	2024-08	2024	Huanglian Jiedu decoction alleviates ischemia-induced cerebral injury in rats by mitigating NET formation and activiting GABAergic synapses.	Journal of cellular and molecular medicine	10.1111/jcmm.18528	Journal Article | Research Support, Non-U.S. Gov't	eligible	exact_title_alias:Huanglian Jiedu Decoction	candidate_experimental	biological_model | protein_assay | transcript_assay	GABRG1 | MPO | NLRP3 | TLR4 | TNF	GABRG1:U | MPO:U | NLRP3:U | TLR4:U | TNF:U	GABRG1: Moreover, HLJD increased GABA levels, elevated the protein expression of GABRG1 and GAT3, decreased the TUNEL positive expression area and increased the Ki67 positive expression area in brain. || MPO: Subsequent experimental validation showed that HLJD reduced the MPO+CitH3+ positive expression area, reduced the protein expression of PAD4, p-P38/P38, p-ERK/ERK and decreased the levels of IL-1β, IL-6 and TNF-α, reversed the increase of Iba1+TLR4+, Iba1+p65+ and Iba1+NLRP3+ positive expression area in brain. || NLRP3: Subsequent experimental validation showed that HLJD reduced the MPO+CitH3+ positive expression area, reduced the protein expression of PAD4, p-P38/P38, p-ERK/ERK and decreased the levels of IL-1β, IL-6 and TNF-α, reversed the increase of Iba1+TLR4+, Iba1+p65+ and Iba1+NLRP3+ positive expression area in brain. || TLR4: Subsequent experimental validation showed that HLJD reduced the MPO+CitH3+ positive expression area, reduced the protein expression of PAD4, p-P38/P38, p-ERK/ERK and decreased the levels of IL-1β, IL-6 and TNF-α, reversed the increase of Iba1+TLR4+, Iba1+p65+ and Iba1+NLRP3+ positive expression area in brain. || TNF: Subsequent experimental validation showed that HLJD reduced the MPO+CitH3+ positive expression area, reduced the protein expression of PAD4, p-P38/P38, p-ERK/ERK and decreased the levels of IL-1β, IL-6 and TNF-α, reversed the increase of Iba1+TLR4+, Iba1+p65+ and Iba1+NLRP3+ positive expression area in brain.										
黄连解毒汤	39116495	2024-08-07	2024	Huanglian Jiedu Decoction enhances the stability of atherosclerotic plaques through SLC2A1-mediated efferocytosis.	International immunopharmacology	10.1016/j.intimp.2024.112834	Journal Article	eligible	exact_title_alias:Huanglian Jiedu Decoction	candidate_experimental	biological_model | perturbation | computational_component	SLC2A1	SLC2A1:U	SLC2A1: Huanglian Jiedu Decoction enhances the stability of atherosclerotic plaques through SLC2A1-mediated efferocytosis.. In vitro experiments, utilizing ox-LDL-induced macrophages and apoptotic vascular smooth muscle cells (VSMCs), assessed the impact of HLJDD on efferocytosis and the role of SLC2A1.										
黄连解毒汤	39216772	2024-08-30	2024	Huanglian-Jiedu decoction promotes adipose thermogenesis in obese mice by suppressing the expression of HDAC3.	Journal of ethnopharmacology	10.1016/j.jep.2024.118760	Journal Article	manual_review	formula_alias_not_in_title	candidate_experimental	biological_model | perturbation	HDAC3 | PGC	HDAC3:U | PGC:2	HDAC3: Huanglian-Jiedu decoction promotes adipose thermogenesis in obese mice by suppressing the expression of HDAC3.. In vitro experiments were conducted to evaluate the effects of 5% and 10% HLJDD-containing serum on differentiated 3T3-L1 cells and HDAC3-knocking-down 3T3-L1 cells. || PGC: Besides, HLJDD treatment dramatically increased the levels of thermogenic genes UCP-1 and PGC-1α while suppressing HDAC3 levels in WATs and 3T3-L1 adipocytes. Importantly, the effects of HLJDD on PGC-1α and UCP-1 were blocked in HDAC3 knockdown adipocytes.										
黄连解毒汤	39929631	2025-01	2025	[Huanglian Jiedu Decoction prevents and treats acute liver injury in septic mice via AMPK/SIRT1 autophagy pathway].	Zhongguo Zhong yao za zhi = Zhongguo zhongyao zazhi = China journal of Chinese materia medica	10.19540/j.cnki.cjcmm.20240904.501	English Abstract | Journal Article	eligible	exact_title_alias:Huanglian Jiedu Decoction	candidate_experimental	biological_model | protein_assay | transcript_assay	SIRT1 | TNF	SIRT1:1 | TNF:1	SIRT1: [Huanglian Jiedu Decoction prevents and treats acute liver injury in septic mice via AMPK/SIRT1 autophagy pathway].. The content of light chain 3 of microtubule-associated protein 1(LC3) was detected by immunofluorescence, and that of sirtuin 1(SIRT1) was detected by immunohistochemistry. || TNF: The levels of alanine aminotransferase(ALT) and aspartate aminotransferase(AST) in the liver tissue and tumor necrosis factor-α(TNF-α) and interleukin-6(IL-6) in the serum were measured by ELISA.										
黄连解毒汤	39929661	2025-01	2025	[Mechanism of Huanglian Jiedu Decoction in treatment of type 2 diabetes mellitus based on intestinal flora].	Zhongguo Zhong yao za zhi = Zhongguo zhongyao zazhi = China journal of Chinese materia medica	10.19540/j.cnki.cjcmm.20240730.403	English Abstract | Journal Article	eligible	exact_title_alias:Huanglian Jiedu Decoction	candidate_experimental	biological_model													
黄连解毒汤	40086110	2025-03-11	2025	Huanglian Jiedu Tang regulates the inflammatory microenvironment to alleviate the progression of breast cancer by inhibiting the RhoA/ROCK pathway.	Tissue & cell	10.1016/j.tice.2025.102850	Journal Article	eligible	exact_title_alias:Huanglian Jiedu Tang	candidate_experimental	biological_model | perturbation | protein_assay | transcript_assay	CD163 | CD86	CD163:U | CD86:U	CD163: Additionally, HLJDT significantly increased F4/80 +CD86 and iNOS levels, as well as the decreased F4/80 +CD163 + and Arg1 levels. || CD86: Additionally, HLJDT significantly increased F4/80 +CD86 and iNOS levels, as well as the decreased F4/80 +CD163 + and Arg1 levels.										
黄连解毒汤	40370231	2025-05-13	2025	A Study on the Anti-Inflammatory and Antibacterial Effects of Huanglian Jiedu Decoction in the Treatment of Pressure Injuries.	Combinatorial chemistry & high throughput screening	10.2174/0113862073240207250424192712	Journal Article	eligible	exact_title_alias:Huanglian Jiedu Decoction	candidate_experimental	biological_model	TLR2	TLR2:U	TLR2: After irrigating the wound, the healing rate, bacterial concentration, concentrations of IL-1, IL-6, and TNFα, and the protein expression levels of TLR2, MyD88, and NF-Bp65 were examined. The protein expression levels of TLR2, MyD88, and NF-κBp65 were down-regulated after the administration of HLJDD.										
黄连解毒汤	40573172	2025-05-23	2025	Huanglian Jiedu Decoction Treats Ischemic Stroke by Regulating Pyroptosis: Insights from Multi-Omics and Drug-Target Relationship Analysis.	Pharmaceuticals (Basel, Switzerland)	10.3390/ph18060775	Journal Article	eligible	exact_title_alias:Huanglian Jiedu Decoction	candidate_experimental	binding_activity | biological_model | computational_component	NLRP3	NLRP3:2	NLRP3: Network pharmacology and molecular docking identified NLRP3 as a critical target, with 6819 ligand-receptor docking results. SPR molecular fishing, LC-MS, molecular dynamics, and affinity measurements identified small molecules with high affinity for NLRP3.										
黄连解毒汤	40770806	2025-08-07	2025	"Huanglian Jiedu Decoction improves the""central-peripheral""inflammatory microenvironment and enhances the cognitive function of APP/PS1 mice by inhibiting the activation of NLRP3 inflammasome mediated by gut microbiota."	Chinese medicine	10.1186/s13020-025-01180-4	Journal Article	eligible	exact_title_alias:Huanglian Jiedu Decoction	candidate_experimental	biological_model | protein_assay | computational_component	CD4 | NLRP3	CD4:U | NLRP3:U	"CD4: Histopathological results showed that HLJDD had the effect of reducing AD-like pathological damage, and also found that HLJDD could significantly reduce the proportion of M1 type microglia and A1 type astrocytes, and increase the proportion of M2 type microglia and A2 type astrocytes, and the treatment of HLJDD also suppressed the infiltration of CD4+ and CD8+ T-cells in the brain, and inhibited Aβ deposition and reduced the expression of inflammatory factors in the brain, and alleviated central neuroinflammation. || NLRP3: Huanglian Jiedu Decoction improves the""central-peripheral""inflammatory microenvironment and enhances the cognitive function of APP/PS1 mice by inhibiting the activation of NLRP3 inflammasome mediated by gut microbiota.. This study aims to investigate whether HLJDD can improve the ""central-peripheral"" inflammatory microenvironment in APP/PS1 mice, and to explore its relationship with gut microbiota and NLRP3 inflammatory vesicles activation."										
黄连解毒汤	41368345	2025-12-03	2025	Huanglian Jiedu Decoction Alleviates Myocardial Ischemia-Reperfusion Injury via AKT-Mediated Regulation of Endoplasmic Reticulum Stress.	Journal of inflammation research	10.2147/JIR.S535348	Journal Article	eligible	exact_title_alias:Huanglian Jiedu Decoction	candidate_experimental	biological_model | computational_component													
黄连解毒汤	41471304	2025-11-27	2025	A Comparative Study of Changes in Huanglian Jiedu Decoction with Combined Decoction and Single Decoction Based on Metabolomics-Physical Characterization-Transcriptomics Correlation Analysis.	Pharmaceuticals (Basel, Switzerland)	10.3390/ph18121815	Journal Article	exclude	formula_combination_in_title | alias:Huanglian Jiedu Decoction	candidate_experimental	transcript_assay													
